<?xml version="1.0"?>
<gpx xmlns="http://www.topografix.com/GPX/1/1" xmlns:xsi="http://www.w3.org/2001/XMLSchema-instance" version="1.1" creator="AllTrails.com" xsi:schemaLocation="http://www.topografix.com/GPX/1/1 http://www.topografix.com/GPX/1/1/gpx.xsd">
  <metadata>
    <name><![CDATA[Custom route — Canionul 7 Scări]]></name>
    <desc><![CDATA[]]></desc>
    <link href="http://www.alltrails.com">
      <text>AllTrails, LLC</text>
    </link>
    <bounds minlat="45.56518" minlon="25.63295" maxlat="45.58998" maxlon="25.6447"/>
  </metadata>
  <trk>
    <name><![CDATA[Custom route — Canionul 7 Scări]]></name>
    <src>AllTrails</src>
    <trkseg>
      <trkpt lat="45.58998" lon="25.63749">
        <ele>703.1</ele>
      </trkpt>
      <trkpt lat="45.58997" lon="25.63749">
        <ele>703.1</ele>
      </trkpt>
      <trkpt lat="45.58996" lon="25.63748">
        <ele>703.2</ele>
      </trkpt>
      <trkpt lat="45.58994" lon="25.63746">
        <ele>703.37</ele>
      </trkpt>
      <trkpt lat="45.58992" lon="25.63741">
        <ele>703.79</ele>
      </trkpt>
      <trkpt lat="45.58987" lon="25.63741">
        <ele>703.67</ele>
      </trkpt>
      <trkpt lat="45.58981" lon="25.63741">
        <ele>703.53</ele>
      </trkpt>
      <trkpt lat="45.58976" lon="25.63741">
        <ele>703.41</ele>
      </trkpt>
      <trkpt lat="45.5897" lon="25.63742">
        <ele>703.63</ele>
      </trkpt>
      <trkpt lat="45.58965" lon="25.63742">
        <ele>704.4</ele>
      </trkpt>
      <trkpt lat="45.58959" lon="25.63743">
        <ele>705.28</ele>
      </trkpt>
      <trkpt lat="45.58953" lon="25.63743">
        <ele>706.19</ele>
      </trkpt>
      <trkpt lat="45.58948" lon="25.63742">
        <ele>707.03</ele>
      </trkpt>
      <trkpt lat="45.58942" lon="25.63742">
        <ele>707.66</ele>
      </trkpt>
      <trkpt lat="45.58937" lon="25.63741">
        <ele>707.92</ele>
      </trkpt>
      <trkpt lat="45.58931" lon="25.63741">
        <ele>708.13</ele>
      </trkpt>
      <trkpt lat="45.58926" lon="25.6374">
        <ele>708.38</ele>
      </trkpt>
      <trkpt lat="45.5892" lon="25.6374">
        <ele>708.6</ele>
      </trkpt>
      <trkpt lat="45.58915" lon="25.63739">
        <ele>709.16</ele>
      </trkpt>
      <trkpt lat="45.58913" lon="25.63738">
        <ele>709.7</ele>
      </trkpt>
      <trkpt lat="45.58911" lon="25.63738">
        <ele>710.15</ele>
      </trkpt>
      <trkpt lat="45.58911" lon="25.63738">
        <ele>710.15</ele>
      </trkpt>
      <trkpt lat="45.58908" lon="25.63738">
        <ele>710.83</ele>
      </trkpt>
      <trkpt lat="45.58898" lon="25.63735">
        <ele>713.53</ele>
      </trkpt>
      <trkpt lat="45.5888" lon="25.63729">
        <ele>717.73</ele>
      </trkpt>
      <trkpt lat="45.58868" lon="25.63723">
        <ele>719.45</ele>
      </trkpt>
      <trkpt lat="45.58866" lon="25.63722">
        <ele>719.67</ele>
      </trkpt>
      <trkpt lat="45.58845" lon="25.6371">
        <ele>723.96</ele>
      </trkpt>
      <trkpt lat="45.58831" lon="25.63702">
        <ele>726.5</ele>
      </trkpt>
      <trkpt lat="45.58826" lon="25.63699">
        <ele>726.76</ele>
      </trkpt>
      <trkpt lat="45.58824" lon="25.63698">
        <ele>726.83</ele>
      </trkpt>
      <trkpt lat="45.58819" lon="25.63694">
        <ele>727.05</ele>
      </trkpt>
      <trkpt lat="45.58811" lon="25.63688">
        <ele>727.7</ele>
      </trkpt>
      <trkpt lat="45.58796" lon="25.63675">
        <ele>728.31</ele>
      </trkpt>
      <trkpt lat="45.58792" lon="25.63672">
        <ele>728.35</ele>
      </trkpt>
      <trkpt lat="45.58789" lon="25.63669">
        <ele>728.51</ele>
      </trkpt>
      <trkpt lat="45.5877" lon="25.63661">
        <ele>729.8</ele>
      </trkpt>
      <trkpt lat="45.58758" lon="25.63657">
        <ele>731.0</ele>
      </trkpt>
      <trkpt lat="45.58749" lon="25.63654">
        <ele>731.84</ele>
      </trkpt>
      <trkpt lat="45.58743" lon="25.63651">
        <ele>733.17</ele>
      </trkpt>
      <trkpt lat="45.5874" lon="25.6365">
        <ele>733.75</ele>
      </trkpt>
      <trkpt lat="45.58733" lon="25.63647">
        <ele>735.34</ele>
      </trkpt>
      <trkpt lat="45.58723" lon="25.63643">
        <ele>737.71</ele>
      </trkpt>
      <trkpt lat="45.58709" lon="25.63635">
        <ele>740.9</ele>
      </trkpt>
      <trkpt lat="45.58697" lon="25.63625">
        <ele>743.28</ele>
      </trkpt>
      <trkpt lat="45.58688" lon="25.63617">
        <ele>744.64</ele>
      </trkpt>
      <trkpt lat="45.5867" lon="25.63603">
        <ele>747.23</ele>
      </trkpt>
      <trkpt lat="45.58666" lon="25.636">
        <ele>747.83</ele>
      </trkpt>
      <trkpt lat="45.58663" lon="25.63597">
        <ele>748.61</ele>
      </trkpt>
      <trkpt lat="45.58662" lon="25.63597">
        <ele>748.63</ele>
      </trkpt>
      <trkpt lat="45.58656" lon="25.63592">
        <ele>749.5</ele>
      </trkpt>
      <trkpt lat="45.58648" lon="25.63585">
        <ele>749.85</ele>
      </trkpt>
      <trkpt lat="45.5864" lon="25.63579">
        <ele>749.74</ele>
      </trkpt>
      <trkpt lat="45.58629" lon="25.63575">
        <ele>749.49</ele>
      </trkpt>
      <trkpt lat="45.58621" lon="25.63573">
        <ele>749.2</ele>
      </trkpt>
      <trkpt lat="45.58619" lon="25.63573">
        <ele>749.06</ele>
      </trkpt>
      <trkpt lat="45.58613" lon="25.63573">
        <ele>748.62</ele>
      </trkpt>
      <trkpt lat="45.58605" lon="25.63571">
        <ele>748.63</ele>
      </trkpt>
      <trkpt lat="45.58604" lon="25.63571">
        <ele>748.6</ele>
      </trkpt>
      <trkpt lat="45.58592" lon="25.63569">
        <ele>748.75</ele>
      </trkpt>
      <trkpt lat="45.58583" lon="25.63567">
        <ele>749.13</ele>
      </trkpt>
      <trkpt lat="45.58576" lon="25.63565">
        <ele>749.89</ele>
      </trkpt>
      <trkpt lat="45.58573" lon="25.63564">
        <ele>750.21</ele>
      </trkpt>
      <trkpt lat="45.58569" lon="25.63563">
        <ele>750.54</ele>
      </trkpt>
      <trkpt lat="45.58565" lon="25.63562">
        <ele>750.84</ele>
      </trkpt>
      <trkpt lat="45.5856" lon="25.6356">
        <ele>751.28</ele>
      </trkpt>
      <trkpt lat="45.58557" lon="25.63558">
        <ele>751.63</ele>
      </trkpt>
      <trkpt lat="45.58554" lon="25.63558">
        <ele>751.69</ele>
      </trkpt>
      <trkpt lat="45.58545" lon="25.63555">
        <ele>751.96</ele>
      </trkpt>
      <trkpt lat="45.5854" lon="25.63556">
        <ele>752.02</ele>
      </trkpt>
      <trkpt lat="45.58535" lon="25.63556">
        <ele>752.04</ele>
      </trkpt>
      <trkpt lat="45.58523" lon="25.63564">
        <ele>753.76</ele>
      </trkpt>
      <trkpt lat="45.58521" lon="25.63564">
        <ele>753.86</ele>
      </trkpt>
      <trkpt lat="45.58518" lon="25.63567">
        <ele>754.47</ele>
      </trkpt>
      <trkpt lat="45.58514" lon="25.63569">
        <ele>754.93</ele>
      </trkpt>
      <trkpt lat="45.5851" lon="25.63571">
        <ele>755.35</ele>
      </trkpt>
      <trkpt lat="45.58505" lon="25.63572">
        <ele>755.63</ele>
      </trkpt>
      <trkpt lat="45.58496" lon="25.63572">
        <ele>755.95</ele>
      </trkpt>
      <trkpt lat="45.58491" lon="25.63572">
        <ele>756.16</ele>
      </trkpt>
      <trkpt lat="45.5849" lon="25.63572">
        <ele>756.2</ele>
      </trkpt>
      <trkpt lat="45.5849" lon="25.63572">
        <ele>756.2</ele>
      </trkpt>
      <trkpt lat="45.58486" lon="25.63571">
        <ele>756.23</ele>
      </trkpt>
      <trkpt lat="45.5848" lon="25.63571">
        <ele>756.47</ele>
      </trkpt>
      <trkpt lat="45.58466" lon="25.6357">
        <ele>756.0</ele>
      </trkpt>
      <trkpt lat="45.58447" lon="25.63569">
        <ele>754.28</ele>
      </trkpt>
      <trkpt lat="45.58442" lon="25.6357">
        <ele>754.4</ele>
      </trkpt>
      <trkpt lat="45.58431" lon="25.63569">
        <ele>756.73</ele>
      </trkpt>
      <trkpt lat="45.58427" lon="25.6357">
        <ele>757.36</ele>
      </trkpt>
      <trkpt lat="45.58405" lon="25.6357">
        <ele>761.38</ele>
      </trkpt>
      <trkpt lat="45.58401" lon="25.63571">
        <ele>762.11</ele>
      </trkpt>
      <trkpt lat="45.584" lon="25.63571">
        <ele>762.29</ele>
      </trkpt>
      <trkpt lat="45.58399" lon="25.63571">
        <ele>762.47</ele>
      </trkpt>
      <trkpt lat="45.58393" lon="25.6357">
        <ele>763.42</ele>
      </trkpt>
      <trkpt lat="45.58389" lon="25.63569">
        <ele>763.89</ele>
      </trkpt>
      <trkpt lat="45.58384" lon="25.63569">
        <ele>765.31</ele>
      </trkpt>
      <trkpt lat="45.58377" lon="25.63567">
        <ele>766.82</ele>
      </trkpt>
      <trkpt lat="45.5837" lon="25.63563">
        <ele>767.73</ele>
      </trkpt>
      <trkpt lat="45.58363" lon="25.63558">
        <ele>768.22</ele>
      </trkpt>
      <trkpt lat="45.58358" lon="25.63553">
        <ele>769.22</ele>
      </trkpt>
      <trkpt lat="45.58358" lon="25.63553">
        <ele>769.22</ele>
      </trkpt>
      <trkpt lat="45.58354" lon="25.63549">
        <ele>770.86</ele>
      </trkpt>
      <trkpt lat="45.58349" lon="25.63543">
        <ele>773.01</ele>
      </trkpt>
      <trkpt lat="45.58343" lon="25.63535">
        <ele>775.74</ele>
      </trkpt>
      <trkpt lat="45.58342" lon="25.63533">
        <ele>776.25</ele>
      </trkpt>
      <trkpt lat="45.58338" lon="25.63528">
        <ele>778.14</ele>
      </trkpt>
      <trkpt lat="45.58337" lon="25.63526">
        <ele>778.74</ele>
      </trkpt>
      <trkpt lat="45.58334" lon="25.63521">
        <ele>780.27</ele>
      </trkpt>
      <trkpt lat="45.58331" lon="25.63518">
        <ele>780.78</ele>
      </trkpt>
      <trkpt lat="45.58326" lon="25.63515">
        <ele>781.08</ele>
      </trkpt>
      <trkpt lat="45.58323" lon="25.63514">
        <ele>781.18</ele>
      </trkpt>
      <trkpt lat="45.58322" lon="25.63513">
        <ele>781.23</ele>
      </trkpt>
      <trkpt lat="45.58318" lon="25.6351">
        <ele>781.32</ele>
      </trkpt>
      <trkpt lat="45.58312" lon="25.63507">
        <ele>781.31</ele>
      </trkpt>
      <trkpt lat="45.58304" lon="25.63503">
        <ele>781.64</ele>
      </trkpt>
      <trkpt lat="45.58293" lon="25.63497">
        <ele>785.09</ele>
      </trkpt>
      <trkpt lat="45.58288" lon="25.63496">
        <ele>786.61</ele>
      </trkpt>
      <trkpt lat="45.58279" lon="25.63492">
        <ele>789.08</ele>
      </trkpt>
      <trkpt lat="45.58274" lon="25.6349">
        <ele>790.49</ele>
      </trkpt>
      <trkpt lat="45.58271" lon="25.63488">
        <ele>791.26</ele>
      </trkpt>
      <trkpt lat="45.58256" lon="25.63481">
        <ele>794.86</ele>
      </trkpt>
      <trkpt lat="45.58254" lon="25.63481">
        <ele>795.44</ele>
      </trkpt>
      <trkpt lat="45.58247" lon="25.63478">
        <ele>796.45</ele>
      </trkpt>
      <trkpt lat="45.58241" lon="25.63475">
        <ele>796.6</ele>
      </trkpt>
      <trkpt lat="45.58238" lon="25.63473">
        <ele>796.48</ele>
      </trkpt>
      <trkpt lat="45.58238" lon="25.63473">
        <ele>796.48</ele>
      </trkpt>
      <trkpt lat="45.58236" lon="25.63473">
        <ele>796.71</ele>
      </trkpt>
      <trkpt lat="45.58235" lon="25.63472">
        <ele>796.61</ele>
      </trkpt>
      <trkpt lat="45.58231" lon="25.6347">
        <ele>796.85</ele>
      </trkpt>
      <trkpt lat="45.5822" lon="25.63464">
        <ele>796.27</ele>
      </trkpt>
      <trkpt lat="45.58206" lon="25.63458">
        <ele>793.08</ele>
      </trkpt>
      <trkpt lat="45.58204" lon="25.63456">
        <ele>792.24</ele>
      </trkpt>
      <trkpt lat="45.58201" lon="25.63455">
        <ele>791.48</ele>
      </trkpt>
      <trkpt lat="45.58195" lon="25.63451">
        <ele>789.23</ele>
      </trkpt>
      <trkpt lat="45.58187" lon="25.63449">
        <ele>787.72</ele>
      </trkpt>
      <trkpt lat="45.58161" lon="25.63433">
        <ele>785.7</ele>
      </trkpt>
      <trkpt lat="45.58159" lon="25.63431">
        <ele>786.04</ele>
      </trkpt>
      <trkpt lat="45.58155" lon="25.6343">
        <ele>786.75</ele>
      </trkpt>
      <trkpt lat="45.58154" lon="25.6343">
        <ele>786.95</ele>
      </trkpt>
      <trkpt lat="45.58153" lon="25.63429">
        <ele>787.01</ele>
      </trkpt>
      <trkpt lat="45.58151" lon="25.63429">
        <ele>787.37</ele>
      </trkpt>
      <trkpt lat="45.58145" lon="25.63426">
        <ele>787.8</ele>
      </trkpt>
      <trkpt lat="45.58139" lon="25.63421">
        <ele>787.24</ele>
      </trkpt>
      <trkpt lat="45.58132" lon="25.63417">
        <ele>788.58</ele>
      </trkpt>
      <trkpt lat="45.58127" lon="25.63412">
        <ele>789.8</ele>
      </trkpt>
      <trkpt lat="45.58123" lon="25.63406">
        <ele>790.13</ele>
      </trkpt>
      <trkpt lat="45.58119" lon="25.63398">
        <ele>789.5</ele>
      </trkpt>
      <trkpt lat="45.58118" lon="25.63396">
        <ele>789.23</ele>
      </trkpt>
      <trkpt lat="45.58116" lon="25.63393">
        <ele>788.77</ele>
      </trkpt>
      <trkpt lat="45.58115" lon="25.63391">
        <ele>788.37</ele>
      </trkpt>
      <trkpt lat="45.58113" lon="25.63388">
        <ele>787.94</ele>
      </trkpt>
      <trkpt lat="45.58111" lon="25.63384">
        <ele>788.03</ele>
      </trkpt>
      <trkpt lat="45.58107" lon="25.63373">
        <ele>789.16</ele>
      </trkpt>
      <trkpt lat="45.58105" lon="25.63367">
        <ele>789.63</ele>
      </trkpt>
      <trkpt lat="45.58098" lon="25.63351">
        <ele>793.76</ele>
      </trkpt>
      <trkpt lat="45.58094" lon="25.63342">
        <ele>796.07</ele>
      </trkpt>
      <trkpt lat="45.58094" lon="25.63342">
        <ele>796.07</ele>
      </trkpt>
      <trkpt lat="45.58091" lon="25.63335">
        <ele>797.28</ele>
      </trkpt>
      <trkpt lat="45.58088" lon="25.63329">
        <ele>797.73</ele>
      </trkpt>
      <trkpt lat="45.58085" lon="25.63322">
        <ele>798.27</ele>
      </trkpt>
      <trkpt lat="45.58076" lon="25.63309">
        <ele>799.63</ele>
      </trkpt>
      <trkpt lat="45.5807" lon="25.63302">
        <ele>800.31</ele>
      </trkpt>
      <trkpt lat="45.58063" lon="25.63298">
        <ele>801.0</ele>
      </trkpt>
      <trkpt lat="45.5806" lon="25.63297">
        <ele>801.29</ele>
      </trkpt>
      <trkpt lat="45.58054" lon="25.63295">
        <ele>802.28</ele>
      </trkpt>
      <trkpt lat="45.5805" lon="25.63295">
        <ele>803.25</ele>
      </trkpt>
      <trkpt lat="45.5805" lon="25.63295">
        <ele>803.25</ele>
      </trkpt>
      <trkpt lat="45.5805" lon="25.63295">
        <ele>803.25</ele>
      </trkpt>
      <trkpt lat="45.58044" lon="25.63298">
        <ele>804.08</ele>
      </trkpt>
      <trkpt lat="45.5804" lon="25.63299">
        <ele>804.8</ele>
      </trkpt>
      <trkpt lat="45.58031" lon="25.63303">
        <ele>805.93</ele>
      </trkpt>
      <trkpt lat="45.58024" lon="25.63307">
        <ele>806.52</ele>
      </trkpt>
      <trkpt lat="45.5802" lon="25.6331">
        <ele>806.88</ele>
      </trkpt>
      <trkpt lat="45.5802" lon="25.6331">
        <ele>806.88</ele>
      </trkpt>
      <trkpt lat="45.58018" lon="25.6331">
        <ele>807.22</ele>
      </trkpt>
      <trkpt lat="45.58015" lon="25.63311">
        <ele>807.62</ele>
      </trkpt>
      <trkpt lat="45.58011" lon="25.63313">
        <ele>808.05</ele>
      </trkpt>
      <trkpt lat="45.58007" lon="25.63316">
        <ele>808.33</ele>
      </trkpt>
      <trkpt lat="45.58001" lon="25.63318">
        <ele>809.04</ele>
      </trkpt>
      <trkpt lat="45.57992" lon="25.63324">
        <ele>807.86</ele>
      </trkpt>
      <trkpt lat="45.5799" lon="25.63325">
        <ele>807.7</ele>
      </trkpt>
      <trkpt lat="45.57982" lon="25.63333">
        <ele>807.63</ele>
      </trkpt>
      <trkpt lat="45.57977" lon="25.63342">
        <ele>807.58</ele>
      </trkpt>
      <trkpt lat="45.57975" lon="25.6335">
        <ele>807.12</ele>
      </trkpt>
      <trkpt lat="45.57973" lon="25.63353">
        <ele>806.69</ele>
      </trkpt>
      <trkpt lat="45.57972" lon="25.63358">
        <ele>806.19</ele>
      </trkpt>
      <trkpt lat="45.57968" lon="25.6337">
        <ele>803.15</ele>
      </trkpt>
      <trkpt lat="45.57967" lon="25.63375">
        <ele>801.84</ele>
      </trkpt>
      <trkpt lat="45.57964" lon="25.63383">
        <ele>799.7</ele>
      </trkpt>
      <trkpt lat="45.57961" lon="25.63391">
        <ele>798.47</ele>
      </trkpt>
      <trkpt lat="45.5796" lon="25.63394">
        <ele>798.81</ele>
      </trkpt>
      <trkpt lat="45.5796" lon="25.63396">
        <ele>799.08</ele>
      </trkpt>
      <trkpt lat="45.57958" lon="25.634">
        <ele>799.6</ele>
      </trkpt>
      <trkpt lat="45.57956" lon="25.63405">
        <ele>800.35</ele>
      </trkpt>
      <trkpt lat="45.57953" lon="25.63411">
        <ele>801.41</ele>
      </trkpt>
      <trkpt lat="45.57951" lon="25.63417">
        <ele>802.58</ele>
      </trkpt>
      <trkpt lat="45.57948" lon="25.63424">
        <ele>803.61</ele>
      </trkpt>
      <trkpt lat="45.57946" lon="25.63428">
        <ele>803.93</ele>
      </trkpt>
      <trkpt lat="45.57943" lon="25.63435">
        <ele>804.46</ele>
      </trkpt>
      <trkpt lat="45.5794" lon="25.63439">
        <ele>804.99</ele>
      </trkpt>
      <trkpt lat="45.5794" lon="25.63443">
        <ele>805.23</ele>
      </trkpt>
      <trkpt lat="45.57937" lon="25.63447">
        <ele>805.83</ele>
      </trkpt>
      <trkpt lat="45.57937" lon="25.63447">
        <ele>805.83</ele>
      </trkpt>
      <trkpt lat="45.57934" lon="25.63454">
        <ele>806.74</ele>
      </trkpt>
      <trkpt lat="45.57933" lon="25.63459">
        <ele>807.27</ele>
      </trkpt>
      <trkpt lat="45.57932" lon="25.63461">
        <ele>807.48</ele>
      </trkpt>
      <trkpt lat="45.57931" lon="25.63465">
        <ele>807.85</ele>
      </trkpt>
      <trkpt lat="45.57929" lon="25.63473">
        <ele>808.55</ele>
      </trkpt>
      <trkpt lat="45.57927" lon="25.63478">
        <ele>809.1</ele>
      </trkpt>
      <trkpt lat="45.57924" lon="25.63492">
        <ele>810.44</ele>
      </trkpt>
      <trkpt lat="45.57924" lon="25.63497">
        <ele>810.99</ele>
      </trkpt>
      <trkpt lat="45.57923" lon="25.63503">
        <ele>811.54</ele>
      </trkpt>
      <trkpt lat="45.57922" lon="25.63507">
        <ele>811.86</ele>
      </trkpt>
      <trkpt lat="45.57922" lon="25.63508">
        <ele>811.99</ele>
      </trkpt>
      <trkpt lat="45.57923" lon="25.6351">
        <ele>812.47</ele>
      </trkpt>
      <trkpt lat="45.57923" lon="25.63512">
        <ele>812.73</ele>
      </trkpt>
      <trkpt lat="45.57923" lon="25.63513">
        <ele>812.86</ele>
      </trkpt>
      <trkpt lat="45.57923" lon="25.63515">
        <ele>813.13</ele>
      </trkpt>
      <trkpt lat="45.57923" lon="25.63518">
        <ele>813.53</ele>
      </trkpt>
      <trkpt lat="45.57922" lon="25.63524">
        <ele>814.05</ele>
      </trkpt>
      <trkpt lat="45.57922" lon="25.63531">
        <ele>814.88</ele>
      </trkpt>
      <trkpt lat="45.57922" lon="25.63541">
        <ele>815.94</ele>
      </trkpt>
      <trkpt lat="45.57923" lon="25.63546">
        <ele>816.88</ele>
      </trkpt>
      <trkpt lat="45.57923" lon="25.63551">
        <ele>817.45</ele>
      </trkpt>
      <trkpt lat="45.57922" lon="25.63554">
        <ele>817.33</ele>
      </trkpt>
      <trkpt lat="45.57923" lon="25.63557">
        <ele>818.13</ele>
      </trkpt>
      <trkpt lat="45.57923" lon="25.63563">
        <ele>818.81</ele>
      </trkpt>
      <trkpt lat="45.57921" lon="25.63572">
        <ele>818.67</ele>
      </trkpt>
      <trkpt lat="45.57919" lon="25.63576">
        <ele>817.87</ele>
      </trkpt>
      <trkpt lat="45.57913" lon="25.63584">
        <ele>816.1</ele>
      </trkpt>
      <trkpt lat="45.57903" lon="25.63599">
        <ele>813.84</ele>
      </trkpt>
      <trkpt lat="45.57897" lon="25.63607">
        <ele>812.29</ele>
      </trkpt>
      <trkpt lat="45.57894" lon="25.63615">
        <ele>811.5</ele>
      </trkpt>
      <trkpt lat="45.57893" lon="25.63618">
        <ele>811.22</ele>
      </trkpt>
      <trkpt lat="45.57892" lon="25.63619">
        <ele>810.93</ele>
      </trkpt>
      <trkpt lat="45.5789" lon="25.6362">
        <ele>810.33</ele>
      </trkpt>
      <trkpt lat="45.5789" lon="25.63621">
        <ele>810.33</ele>
      </trkpt>
      <trkpt lat="45.57888" lon="25.63623">
        <ele>809.95</ele>
      </trkpt>
      <trkpt lat="45.57886" lon="25.63626">
        <ele>809.78</ele>
      </trkpt>
      <trkpt lat="45.57884" lon="25.63629">
        <ele>809.55</ele>
      </trkpt>
      <trkpt lat="45.57882" lon="25.63631">
        <ele>809.29</ele>
      </trkpt>
      <trkpt lat="45.5788" lon="25.63633">
        <ele>808.99</ele>
      </trkpt>
      <trkpt lat="45.57874" lon="25.63642">
        <ele>808.63</ele>
      </trkpt>
      <trkpt lat="45.57872" lon="25.63645">
        <ele>809.06</ele>
      </trkpt>
      <trkpt lat="45.57868" lon="25.6365">
        <ele>809.59</ele>
      </trkpt>
      <trkpt lat="45.57866" lon="25.63652">
        <ele>809.7</ele>
      </trkpt>
      <trkpt lat="45.57861" lon="25.6366">
        <ele>810.59</ele>
      </trkpt>
      <trkpt lat="45.57855" lon="25.63668">
        <ele>813.92</ele>
      </trkpt>
      <trkpt lat="45.57846" lon="25.6368">
        <ele>820.16</ele>
      </trkpt>
      <trkpt lat="45.57839" lon="25.63684">
        <ele>822.04</ele>
      </trkpt>
      <trkpt lat="45.57831" lon="25.63689">
        <ele>824.23</ele>
      </trkpt>
      <trkpt lat="45.57825" lon="25.63691">
        <ele>826.27</ele>
      </trkpt>
      <trkpt lat="45.57822" lon="25.63691">
        <ele>827.04</ele>
      </trkpt>
      <trkpt lat="45.57821" lon="25.63691">
        <ele>827.3</ele>
      </trkpt>
      <trkpt lat="45.57819" lon="25.63692">
        <ele>828.04</ele>
      </trkpt>
      <trkpt lat="45.57815" lon="25.63693">
        <ele>829.29</ele>
      </trkpt>
      <trkpt lat="45.57813" lon="25.63695">
        <ele>830.38</ele>
      </trkpt>
      <trkpt lat="45.57801" lon="25.63696">
        <ele>833.41</ele>
      </trkpt>
      <trkpt lat="45.57796" lon="25.63698">
        <ele>835.17</ele>
      </trkpt>
      <trkpt lat="45.57793" lon="25.63698">
        <ele>835.65</ele>
      </trkpt>
      <trkpt lat="45.57784" lon="25.63696">
        <ele>835.96</ele>
      </trkpt>
      <trkpt lat="45.5778" lon="25.63695">
        <ele>836.0</ele>
      </trkpt>
      <trkpt lat="45.57778" lon="25.63695">
        <ele>836.29</ele>
      </trkpt>
      <trkpt lat="45.57776" lon="25.63694">
        <ele>835.98</ele>
      </trkpt>
      <trkpt lat="45.57773" lon="25.63692">
        <ele>835.61</ele>
      </trkpt>
      <trkpt lat="45.57772" lon="25.6369">
        <ele>835.14</ele>
      </trkpt>
      <trkpt lat="45.5777" lon="25.63688">
        <ele>834.6</ele>
      </trkpt>
      <trkpt lat="45.57768" lon="25.63687">
        <ele>834.26</ele>
      </trkpt>
      <trkpt lat="45.57763" lon="25.63683">
        <ele>832.72</ele>
      </trkpt>
      <trkpt lat="45.57758" lon="25.63678">
        <ele>830.38</ele>
      </trkpt>
      <trkpt lat="45.57752" lon="25.63675">
        <ele>828.23</ele>
      </trkpt>
      <trkpt lat="45.57747" lon="25.63671">
        <ele>825.9</ele>
      </trkpt>
      <trkpt lat="45.57741" lon="25.63668">
        <ele>824.28</ele>
      </trkpt>
      <trkpt lat="45.57738" lon="25.63666">
        <ele>823.51</ele>
      </trkpt>
      <trkpt lat="45.57736" lon="25.63665">
        <ele>823.31</ele>
      </trkpt>
      <trkpt lat="45.57735" lon="25.63665">
        <ele>823.27</ele>
      </trkpt>
      <trkpt lat="45.57731" lon="25.63663">
        <ele>822.77</ele>
      </trkpt>
      <trkpt lat="45.5773" lon="25.63663">
        <ele>822.71</ele>
      </trkpt>
      <trkpt lat="45.57728" lon="25.63661">
        <ele>822.24</ele>
      </trkpt>
      <trkpt lat="45.57725" lon="25.63659">
        <ele>821.61</ele>
      </trkpt>
      <trkpt lat="45.5772" lon="25.6366">
        <ele>821.78</ele>
      </trkpt>
      <trkpt lat="45.57714" lon="25.63661">
        <ele>822.6</ele>
      </trkpt>
      <trkpt lat="45.57708" lon="25.63663">
        <ele>823.68</ele>
      </trkpt>
      <trkpt lat="45.57703" lon="25.63664">
        <ele>824.43</ele>
      </trkpt>
      <trkpt lat="45.57697" lon="25.63664">
        <ele>825.06</ele>
      </trkpt>
      <trkpt lat="45.57692" lon="25.63667">
        <ele>825.89</ele>
      </trkpt>
      <trkpt lat="45.57686" lon="25.63667">
        <ele>825.25</ele>
      </trkpt>
      <trkpt lat="45.5768" lon="25.63668">
        <ele>825.17</ele>
      </trkpt>
      <trkpt lat="45.57675" lon="25.6367">
        <ele>825.84</ele>
      </trkpt>
      <trkpt lat="45.57669" lon="25.6367">
        <ele>825.35</ele>
      </trkpt>
      <trkpt lat="45.57664" lon="25.63671">
        <ele>825.93</ele>
      </trkpt>
      <trkpt lat="45.57658" lon="25.63671">
        <ele>826.22</ele>
      </trkpt>
      <trkpt lat="45.57652" lon="25.63672">
        <ele>827.19</ele>
      </trkpt>
      <trkpt lat="45.57651" lon="25.63672">
        <ele>827.24</ele>
      </trkpt>
      <trkpt lat="45.5765" lon="25.63672">
        <ele>827.29</ele>
      </trkpt>
      <trkpt lat="45.57648" lon="25.63671">
        <ele>826.69</ele>
      </trkpt>
      <trkpt lat="45.57647" lon="25.63671">
        <ele>826.74</ele>
      </trkpt>
      <trkpt lat="45.57647" lon="25.63673">
        <ele>828.13</ele>
      </trkpt>
      <trkpt lat="45.57646" lon="25.63674">
        <ele>828.89</ele>
      </trkpt>
      <trkpt lat="45.57643" lon="25.63676">
        <ele>830.47</ele>
      </trkpt>
      <trkpt lat="45.57638" lon="25.63678">
        <ele>832.17</ele>
      </trkpt>
      <trkpt lat="45.57635" lon="25.63678">
        <ele>832.19</ele>
      </trkpt>
      <trkpt lat="45.5763" lon="25.63677">
        <ele>831.52</ele>
      </trkpt>
      <trkpt lat="45.5762" lon="25.63677">
        <ele>831.61</ele>
      </trkpt>
      <trkpt lat="45.57614" lon="25.63676">
        <ele>831.01</ele>
      </trkpt>
      <trkpt lat="45.57607" lon="25.63676">
        <ele>831.64</ele>
      </trkpt>
      <trkpt lat="45.57602" lon="25.63675">
        <ele>831.81</ele>
      </trkpt>
      <trkpt lat="45.57598" lon="25.63675">
        <ele>832.43</ele>
      </trkpt>
      <trkpt lat="45.57596" lon="25.63674">
        <ele>832.27</ele>
      </trkpt>
      <trkpt lat="45.57591" lon="25.63674">
        <ele>833.1</ele>
      </trkpt>
      <trkpt lat="45.57585" lon="25.63671">
        <ele>833.07</ele>
      </trkpt>
      <trkpt lat="45.57581" lon="25.63671">
        <ele>834.46</ele>
      </trkpt>
      <trkpt lat="45.5758" lon="25.63671">
        <ele>834.92</ele>
      </trkpt>
      <trkpt lat="45.57575" lon="25.6367">
        <ele>836.82</ele>
      </trkpt>
      <trkpt lat="45.57571" lon="25.63671">
        <ele>839.01</ele>
      </trkpt>
      <trkpt lat="45.57567" lon="25.63671">
        <ele>840.83</ele>
      </trkpt>
      <trkpt lat="45.57563" lon="25.63671">
        <ele>842.64</ele>
      </trkpt>
      <trkpt lat="45.57563" lon="25.63671">
        <ele>842.64</ele>
      </trkpt>
      <trkpt lat="45.5756" lon="25.63671">
        <ele>844.01</ele>
      </trkpt>
      <trkpt lat="45.57557" lon="25.63672">
        <ele>845.83</ele>
      </trkpt>
      <trkpt lat="45.57555" lon="25.63673">
        <ele>847.1</ele>
      </trkpt>
      <trkpt lat="45.57554" lon="25.63674">
        <ele>847.81</ele>
      </trkpt>
      <trkpt lat="45.57553" lon="25.63675">
        <ele>848.52</ele>
      </trkpt>
      <trkpt lat="45.57551" lon="25.63676">
        <ele>849.46</ele>
      </trkpt>
      <trkpt lat="45.57547" lon="25.63675">
        <ele>849.96</ele>
      </trkpt>
      <trkpt lat="45.57541" lon="25.63674">
        <ele>850.96</ele>
      </trkpt>
      <trkpt lat="45.57536" lon="25.63672">
        <ele>851.29</ele>
      </trkpt>
      <trkpt lat="45.5753" lon="25.63669">
        <ele>851.45</ele>
      </trkpt>
      <trkpt lat="45.57525" lon="25.63667">
        <ele>852.44</ele>
      </trkpt>
      <trkpt lat="45.57521" lon="25.63666">
        <ele>854.12</ele>
      </trkpt>
      <trkpt lat="45.5752" lon="25.63667">
        <ele>854.76</ele>
      </trkpt>
      <trkpt lat="45.57518" lon="25.63668">
        <ele>856.05</ele>
      </trkpt>
      <trkpt lat="45.57516" lon="25.6367">
        <ele>857.65</ele>
      </trkpt>
      <trkpt lat="45.57513" lon="25.63671">
        <ele>859.29</ele>
      </trkpt>
      <trkpt lat="45.5751" lon="25.63669">
        <ele>860.01</ele>
      </trkpt>
      <trkpt lat="45.57503" lon="25.63662">
        <ele>862.26</ele>
      </trkpt>
      <trkpt lat="45.57494" lon="25.63658">
        <ele>864.11</ele>
      </trkpt>
      <trkpt lat="45.57485" lon="25.63655">
        <ele>864.87</ele>
      </trkpt>
      <trkpt lat="45.5748" lon="25.63657">
        <ele>865.68</ele>
      </trkpt>
      <trkpt lat="45.57479" lon="25.63657">
        <ele>865.8</ele>
      </trkpt>
      <trkpt lat="45.57478" lon="25.63657">
        <ele>865.92</ele>
      </trkpt>
      <trkpt lat="45.57476" lon="25.63657">
        <ele>866.16</ele>
      </trkpt>
      <trkpt lat="45.57471" lon="25.63658">
        <ele>866.87</ele>
      </trkpt>
      <trkpt lat="45.57465" lon="25.63663">
        <ele>868.06</ele>
      </trkpt>
      <trkpt lat="45.57458" lon="25.63673">
        <ele>870.28</ele>
      </trkpt>
      <trkpt lat="45.57456" lon="25.63679">
        <ele>871.57</ele>
      </trkpt>
      <trkpt lat="45.57456" lon="25.63683">
        <ele>872.35</ele>
      </trkpt>
      <trkpt lat="45.5745" lon="25.63707">
        <ele>877.6</ele>
      </trkpt>
      <trkpt lat="45.57448" lon="25.63714">
        <ele>879.19</ele>
      </trkpt>
      <trkpt lat="45.57448" lon="25.63719">
        <ele>880.29</ele>
      </trkpt>
      <trkpt lat="45.57447" lon="25.63723">
        <ele>881.15</ele>
      </trkpt>
      <trkpt lat="45.57445" lon="25.63726">
        <ele>881.69</ele>
      </trkpt>
      <trkpt lat="45.57441" lon="25.63735">
        <ele>883.61</ele>
      </trkpt>
      <trkpt lat="45.57438" lon="25.63738">
        <ele>884.4</ele>
      </trkpt>
      <trkpt lat="45.57433" lon="25.63748">
        <ele>886.49</ele>
      </trkpt>
      <trkpt lat="45.57429" lon="25.63754">
        <ele>887.94</ele>
      </trkpt>
      <trkpt lat="45.57429" lon="25.63755">
        <ele>888.15</ele>
      </trkpt>
      <trkpt lat="45.57427" lon="25.63759">
        <ele>889.03</ele>
      </trkpt>
      <trkpt lat="45.57425" lon="25.63762">
        <ele>889.65</ele>
      </trkpt>
      <trkpt lat="45.57423" lon="25.63765">
        <ele>890.2</ele>
      </trkpt>
      <trkpt lat="45.57422" lon="25.63767">
        <ele>890.53</ele>
      </trkpt>
      <trkpt lat="45.57422" lon="25.63768">
        <ele>890.71</ele>
      </trkpt>
      <trkpt lat="45.57422" lon="25.63769">
        <ele>890.88</ele>
      </trkpt>
      <trkpt lat="45.57421" lon="25.63771">
        <ele>891.18</ele>
      </trkpt>
      <trkpt lat="45.5742" lon="25.63773">
        <ele>891.47</ele>
      </trkpt>
      <trkpt lat="45.57418" lon="25.63777">
        <ele>891.98</ele>
      </trkpt>
      <trkpt lat="45.57416" lon="25.63781">
        <ele>892.87</ele>
      </trkpt>
      <trkpt lat="45.5741" lon="25.63789">
        <ele>895.16</ele>
      </trkpt>
      <trkpt lat="45.57408" lon="25.63792">
        <ele>895.88</ele>
      </trkpt>
      <trkpt lat="45.57405" lon="25.63795">
        <ele>896.56</ele>
      </trkpt>
      <trkpt lat="45.57404" lon="25.63797">
        <ele>896.95</ele>
      </trkpt>
      <trkpt lat="45.57404" lon="25.63801">
        <ele>897.7</ele>
      </trkpt>
      <trkpt lat="45.57402" lon="25.63805">
        <ele>898.37</ele>
      </trkpt>
      <trkpt lat="45.57398" lon="25.63809">
        <ele>898.95</ele>
      </trkpt>
      <trkpt lat="45.57398" lon="25.63811">
        <ele>899.3</ele>
      </trkpt>
      <trkpt lat="45.57397" lon="25.63813">
        <ele>899.6</ele>
      </trkpt>
      <trkpt lat="45.57388" lon="25.63822">
        <ele>900.34</ele>
      </trkpt>
      <trkpt lat="45.57383" lon="25.63829">
        <ele>901.05</ele>
      </trkpt>
      <trkpt lat="45.57381" lon="25.6383">
        <ele>901.05</ele>
      </trkpt>
      <trkpt lat="45.57373" lon="25.63837">
        <ele>901.67</ele>
      </trkpt>
      <trkpt lat="45.57371" lon="25.63837">
        <ele>901.47</ele>
      </trkpt>
      <trkpt lat="45.57369" lon="25.63839">
        <ele>901.67</ele>
      </trkpt>
      <trkpt lat="45.57368" lon="25.63841">
        <ele>901.94</ele>
      </trkpt>
      <trkpt lat="45.57368" lon="25.63842">
        <ele>902.13</ele>
      </trkpt>
      <trkpt lat="45.57362" lon="25.63848">
        <ele>902.26</ele>
      </trkpt>
      <trkpt lat="45.57355" lon="25.63855">
        <ele>902.04</ele>
      </trkpt>
      <trkpt lat="45.57345" lon="25.63864">
        <ele>901.1</ele>
      </trkpt>
      <trkpt lat="45.57341" lon="25.63865">
        <ele>900.46</ele>
      </trkpt>
      <trkpt lat="45.57338" lon="25.63869">
        <ele>900.66</ele>
      </trkpt>
      <trkpt lat="45.57334" lon="25.63871">
        <ele>900.27</ele>
      </trkpt>
      <trkpt lat="45.5733" lon="25.63872">
        <ele>900.71</ele>
      </trkpt>
      <trkpt lat="45.57328" lon="25.63873">
        <ele>901.14</ele>
      </trkpt>
      <trkpt lat="45.57325" lon="25.63874">
        <ele>901.68</ele>
      </trkpt>
      <trkpt lat="45.57323" lon="25.63877">
        <ele>902.55</ele>
      </trkpt>
      <trkpt lat="45.57319" lon="25.63879">
        <ele>903.41</ele>
      </trkpt>
      <trkpt lat="45.57309" lon="25.63881">
        <ele>904.92</ele>
      </trkpt>
      <trkpt lat="45.57304" lon="25.63884">
        <ele>906.01</ele>
      </trkpt>
      <trkpt lat="45.57295" lon="25.63887">
        <ele>906.77</ele>
      </trkpt>
      <trkpt lat="45.57292" lon="25.63889">
        <ele>907.01</ele>
      </trkpt>
      <trkpt lat="45.5729" lon="25.6389">
        <ele>907.09</ele>
      </trkpt>
      <trkpt lat="45.57288" lon="25.6389">
        <ele>907.1</ele>
      </trkpt>
      <trkpt lat="45.57287" lon="25.63891">
        <ele>907.2</ele>
      </trkpt>
      <trkpt lat="45.57286" lon="25.63892">
        <ele>907.32</ele>
      </trkpt>
      <trkpt lat="45.57283" lon="25.63893">
        <ele>907.48</ele>
      </trkpt>
      <trkpt lat="45.5728" lon="25.63894">
        <ele>907.68</ele>
      </trkpt>
      <trkpt lat="45.57278" lon="25.63894">
        <ele>907.73</ele>
      </trkpt>
      <trkpt lat="45.57276" lon="25.63895">
        <ele>908.46</ele>
      </trkpt>
      <trkpt lat="45.57275" lon="25.63896">
        <ele>908.92</ele>
      </trkpt>
      <trkpt lat="45.57272" lon="25.63897">
        <ele>910.01</ele>
      </trkpt>
      <trkpt lat="45.57269" lon="25.63899">
        <ele>911.16</ele>
      </trkpt>
      <trkpt lat="45.57266" lon="25.63901">
        <ele>912.24</ele>
      </trkpt>
      <trkpt lat="45.57262" lon="25.63906">
        <ele>913.74</ele>
      </trkpt>
      <trkpt lat="45.57258" lon="25.63912">
        <ele>915.08</ele>
      </trkpt>
      <trkpt lat="45.57254" lon="25.63919">
        <ele>916.33</ele>
      </trkpt>
      <trkpt lat="45.5725" lon="25.63924">
        <ele>917.53</ele>
      </trkpt>
      <trkpt lat="45.57245" lon="25.6393">
        <ele>919.59</ele>
      </trkpt>
      <trkpt lat="45.5724" lon="25.63935">
        <ele>921.33</ele>
      </trkpt>
      <trkpt lat="45.57234" lon="25.63939">
        <ele>923.09</ele>
      </trkpt>
      <trkpt lat="45.5723" lon="25.63945">
        <ele>924.02</ele>
      </trkpt>
      <trkpt lat="45.57228" lon="25.63953">
        <ele>923.95</ele>
      </trkpt>
      <trkpt lat="45.57226" lon="25.6396">
        <ele>923.57</ele>
      </trkpt>
      <trkpt lat="45.57225" lon="25.63966">
        <ele>922.97</ele>
      </trkpt>
      <trkpt lat="45.57223" lon="25.63971">
        <ele>922.25</ele>
      </trkpt>
      <trkpt lat="45.57223" lon="25.63971">
        <ele>922.25</ele>
      </trkpt>
      <trkpt lat="45.57222" lon="25.63974">
        <ele>922.4</ele>
      </trkpt>
      <trkpt lat="45.57221" lon="25.63979">
        <ele>923.46</ele>
      </trkpt>
      <trkpt lat="45.57219" lon="25.63985">
        <ele>924.51</ele>
      </trkpt>
      <trkpt lat="45.5722" lon="25.63989">
        <ele>925.35</ele>
      </trkpt>
      <trkpt lat="45.57218" lon="25.63996">
        <ele>926.27</ele>
      </trkpt>
      <trkpt lat="45.57216" lon="25.64006">
        <ele>927.78</ele>
      </trkpt>
      <trkpt lat="45.57216" lon="25.64011">
        <ele>928.9</ele>
      </trkpt>
      <trkpt lat="45.57214" lon="25.64023">
        <ele>931.14</ele>
      </trkpt>
      <trkpt lat="45.57214" lon="25.64029">
        <ele>932.51</ele>
      </trkpt>
      <trkpt lat="45.57213" lon="25.64032">
        <ele>932.97</ele>
      </trkpt>
      <trkpt lat="45.57213" lon="25.64034">
        <ele>933.43</ele>
      </trkpt>
      <trkpt lat="45.57212" lon="25.64042">
        <ele>935.0</ele>
      </trkpt>
      <trkpt lat="45.57211" lon="25.64047">
        <ele>935.86</ele>
      </trkpt>
      <trkpt lat="45.57211" lon="25.64051">
        <ele>936.75</ele>
      </trkpt>
      <trkpt lat="45.5721" lon="25.64054">
        <ele>937.14</ele>
      </trkpt>
      <trkpt lat="45.5721" lon="25.64059">
        <ele>938.47</ele>
      </trkpt>
      <trkpt lat="45.57208" lon="25.64066">
        <ele>939.91</ele>
      </trkpt>
      <trkpt lat="45.57208" lon="25.64073">
        <ele>941.93</ele>
      </trkpt>
      <trkpt lat="45.57205" lon="25.64076">
        <ele>941.93</ele>
      </trkpt>
      <trkpt lat="45.572" lon="25.64075">
        <ele>940.2</ele>
      </trkpt>
      <trkpt lat="45.57196" lon="25.64075">
        <ele>939.05</ele>
      </trkpt>
      <trkpt lat="45.57194" lon="25.64075">
        <ele>938.52</ele>
      </trkpt>
      <trkpt lat="45.57194" lon="25.64075">
        <ele>938.52</ele>
      </trkpt>
      <trkpt lat="45.57191" lon="25.64076">
        <ele>938.3</ele>
      </trkpt>
      <trkpt lat="45.57188" lon="25.64077">
        <ele>938.07</ele>
      </trkpt>
      <trkpt lat="45.57186" lon="25.6408">
        <ele>938.56</ele>
      </trkpt>
      <trkpt lat="45.57184" lon="25.64082">
        <ele>938.75</ele>
      </trkpt>
      <trkpt lat="45.5718" lon="25.64085">
        <ele>938.97</ele>
      </trkpt>
      <trkpt lat="45.57176" lon="25.64089">
        <ele>939.58</ele>
      </trkpt>
      <trkpt lat="45.5717" lon="25.64094">
        <ele>940.1</ele>
      </trkpt>
      <trkpt lat="45.57164" lon="25.64096">
        <ele>939.3</ele>
      </trkpt>
      <trkpt lat="45.57162" lon="25.64095">
        <ele>938.39</ele>
      </trkpt>
      <trkpt lat="45.5716" lon="25.64095">
        <ele>937.8</ele>
      </trkpt>
      <trkpt lat="45.57153" lon="25.64091">
        <ele>934.63</ele>
      </trkpt>
      <trkpt lat="45.57153" lon="25.64091">
        <ele>934.63</ele>
      </trkpt>
      <trkpt lat="45.57151" lon="25.64088">
        <ele>933.28</ele>
      </trkpt>
      <trkpt lat="45.57148" lon="25.64083">
        <ele>931.24</ele>
      </trkpt>
      <trkpt lat="45.57144" lon="25.64077">
        <ele>929.44</ele>
      </trkpt>
      <trkpt lat="45.57143" lon="25.64077">
        <ele>929.22</ele>
      </trkpt>
      <trkpt lat="45.57141" lon="25.64079">
        <ele>929.02</ele>
      </trkpt>
      <trkpt lat="45.57138" lon="25.64088">
        <ele>929.99</ele>
      </trkpt>
      <trkpt lat="45.57138" lon="25.64094">
        <ele>931.27</ele>
      </trkpt>
      <trkpt lat="45.57137" lon="25.64096">
        <ele>931.64</ele>
      </trkpt>
      <trkpt lat="45.57137" lon="25.64099">
        <ele>932.27</ele>
      </trkpt>
      <trkpt lat="45.57136" lon="25.64102">
        <ele>932.82</ele>
      </trkpt>
      <trkpt lat="45.57136" lon="25.64107">
        <ele>933.85</ele>
      </trkpt>
      <trkpt lat="45.57135" lon="25.64112">
        <ele>934.89</ele>
      </trkpt>
      <trkpt lat="45.57134" lon="25.64116">
        <ele>936.14</ele>
      </trkpt>
      <trkpt lat="45.57134" lon="25.64116">
        <ele>936.14</ele>
      </trkpt>
      <trkpt lat="45.57133" lon="25.64121">
        <ele>937.7</ele>
      </trkpt>
      <trkpt lat="45.57131" lon="25.64126">
        <ele>939.05</ele>
      </trkpt>
      <trkpt lat="45.57128" lon="25.64131">
        <ele>940.14</ele>
      </trkpt>
      <trkpt lat="45.57126" lon="25.64135">
        <ele>941.01</ele>
      </trkpt>
      <trkpt lat="45.57124" lon="25.64139">
        <ele>941.82</ele>
      </trkpt>
      <trkpt lat="45.57118" lon="25.64144">
        <ele>942.14</ele>
      </trkpt>
      <trkpt lat="45.57117" lon="25.64145">
        <ele>942.22</ele>
      </trkpt>
      <trkpt lat="45.57116" lon="25.64147">
        <ele>942.6</ele>
      </trkpt>
      <trkpt lat="45.57113" lon="25.6415">
        <ele>942.72</ele>
      </trkpt>
      <trkpt lat="45.57102" lon="25.64163">
        <ele>944.94</ele>
      </trkpt>
      <trkpt lat="45.571" lon="25.64164">
        <ele>944.9</ele>
      </trkpt>
      <trkpt lat="45.57098" lon="25.64167">
        <ele>945.17</ele>
      </trkpt>
      <trkpt lat="45.57095" lon="25.6417">
        <ele>945.24</ele>
      </trkpt>
      <trkpt lat="45.57088" lon="25.64176">
        <ele>944.91</ele>
      </trkpt>
      <trkpt lat="45.57084" lon="25.64178">
        <ele>944.36</ele>
      </trkpt>
      <trkpt lat="45.57082" lon="25.6418">
        <ele>944.27</ele>
      </trkpt>
      <trkpt lat="45.57078" lon="25.64183">
        <ele>944.08</ele>
      </trkpt>
      <trkpt lat="45.57073" lon="25.64187">
        <ele>943.81</ele>
      </trkpt>
      <trkpt lat="45.57068" lon="25.6419">
        <ele>943.4</ele>
      </trkpt>
      <trkpt lat="45.57064" lon="25.64191">
        <ele>942.93</ele>
      </trkpt>
      <trkpt lat="45.57062" lon="25.64192">
        <ele>942.73</ele>
      </trkpt>
      <trkpt lat="45.57058" lon="25.64193">
        <ele>942.24</ele>
      </trkpt>
      <trkpt lat="45.57053" lon="25.64194">
        <ele>941.79</ele>
      </trkpt>
      <trkpt lat="45.57051" lon="25.64194">
        <ele>941.65</ele>
      </trkpt>
      <trkpt lat="45.5705" lon="25.64195">
        <ele>941.66</ele>
      </trkpt>
      <trkpt lat="45.57049" lon="25.64194">
        <ele>941.5</ele>
      </trkpt>
      <trkpt lat="45.57048" lon="25.64195">
        <ele>941.52</ele>
      </trkpt>
      <trkpt lat="45.57045" lon="25.64195">
        <ele>941.32</ele>
      </trkpt>
      <trkpt lat="45.57039" lon="25.64197">
        <ele>941.27</ele>
      </trkpt>
      <trkpt lat="45.57037" lon="25.64197">
        <ele>941.16</ele>
      </trkpt>
      <trkpt lat="45.57034" lon="25.64198">
        <ele>941.2</ele>
      </trkpt>
      <trkpt lat="45.57031" lon="25.64198">
        <ele>941.05</ele>
      </trkpt>
      <trkpt lat="45.57029" lon="25.64199">
        <ele>941.2</ele>
      </trkpt>
      <trkpt lat="45.57026" lon="25.64201">
        <ele>942.2</ele>
      </trkpt>
      <trkpt lat="45.57017" lon="25.64204">
        <ele>945.34</ele>
      </trkpt>
      <trkpt lat="45.57008" lon="25.64208">
        <ele>947.77</ele>
      </trkpt>
      <trkpt lat="45.56996" lon="25.64216">
        <ele>950.25</ele>
      </trkpt>
      <trkpt lat="45.56994" lon="25.64216">
        <ele>951.04</ele>
      </trkpt>
      <trkpt lat="45.56988" lon="25.64219">
        <ele>953.51</ele>
      </trkpt>
      <trkpt lat="45.56984" lon="25.64222">
        <ele>955.47</ele>
      </trkpt>
      <trkpt lat="45.56981" lon="25.64225">
        <ele>957.31</ele>
      </trkpt>
      <trkpt lat="45.5698" lon="25.64227">
        <ele>958.01</ele>
      </trkpt>
      <trkpt lat="45.56979" lon="25.64227">
        <ele>958.42</ele>
      </trkpt>
      <trkpt lat="45.56979" lon="25.64227">
        <ele>958.42</ele>
      </trkpt>
      <trkpt lat="45.56976" lon="25.6423">
        <ele>959.89</ele>
      </trkpt>
      <trkpt lat="45.5697" lon="25.64234">
        <ele>961.92</ele>
      </trkpt>
      <trkpt lat="45.56968" lon="25.64235">
        <ele>962.38</ele>
      </trkpt>
      <trkpt lat="45.56967" lon="25.64236">
        <ele>962.63</ele>
      </trkpt>
      <trkpt lat="45.56963" lon="25.6424">
        <ele>963.54</ele>
      </trkpt>
      <trkpt lat="45.56957" lon="25.64246">
        <ele>964.75</ele>
      </trkpt>
      <trkpt lat="45.56953" lon="25.64251">
        <ele>965.58</ele>
      </trkpt>
      <trkpt lat="45.56947" lon="25.64255">
        <ele>966.97</ele>
      </trkpt>
      <trkpt lat="45.56942" lon="25.64259">
        <ele>968.71</ele>
      </trkpt>
      <trkpt lat="45.56941" lon="25.6426">
        <ele>969.2</ele>
      </trkpt>
      <trkpt lat="45.56937" lon="25.64262">
        <ele>971.0</ele>
      </trkpt>
      <trkpt lat="45.56936" lon="25.64263">
        <ele>971.46</ele>
      </trkpt>
      <trkpt lat="45.56933" lon="25.64266">
        <ele>972.8</ele>
      </trkpt>
      <trkpt lat="45.56931" lon="25.64268">
        <ele>973.65</ele>
      </trkpt>
      <trkpt lat="45.56929" lon="25.6427">
        <ele>974.47</ele>
      </trkpt>
      <trkpt lat="45.56926" lon="25.64274">
        <ele>975.64</ele>
      </trkpt>
      <trkpt lat="45.56922" lon="25.64279">
        <ele>977.02</ele>
      </trkpt>
      <trkpt lat="45.56921" lon="25.64281">
        <ele>977.24</ele>
      </trkpt>
      <trkpt lat="45.56917" lon="25.64284">
        <ele>978.23</ele>
      </trkpt>
      <trkpt lat="45.56912" lon="25.6429">
        <ele>977.95</ele>
      </trkpt>
      <trkpt lat="45.56907" lon="25.64294">
        <ele>977.3</ele>
      </trkpt>
      <trkpt lat="45.56905" lon="25.64296">
        <ele>976.8</ele>
      </trkpt>
      <trkpt lat="45.56904" lon="25.64296">
        <ele>976.78</ele>
      </trkpt>
      <trkpt lat="45.56901" lon="25.64298">
        <ele>976.09</ele>
      </trkpt>
      <trkpt lat="45.56897" lon="25.64303">
        <ele>974.1</ele>
      </trkpt>
      <trkpt lat="45.56896" lon="25.64304">
        <ele>973.61</ele>
      </trkpt>
      <trkpt lat="45.56893" lon="25.64308">
        <ele>973.12</ele>
      </trkpt>
      <trkpt lat="45.5689" lon="25.64312">
        <ele>973.55</ele>
      </trkpt>
      <trkpt lat="45.56888" lon="25.64316">
        <ele>974.2</ele>
      </trkpt>
      <trkpt lat="45.56886" lon="25.64317">
        <ele>974.28</ele>
      </trkpt>
      <trkpt lat="45.56878" lon="25.64325">
        <ele>974.67</ele>
      </trkpt>
      <trkpt lat="45.56873" lon="25.64327">
        <ele>974.11</ele>
      </trkpt>
      <trkpt lat="45.5687" lon="25.64327">
        <ele>973.64</ele>
      </trkpt>
      <trkpt lat="45.56866" lon="25.64326">
        <ele>972.99</ele>
      </trkpt>
      <trkpt lat="45.56864" lon="25.64325">
        <ele>972.71</ele>
      </trkpt>
      <trkpt lat="45.56862" lon="25.64324">
        <ele>972.45</ele>
      </trkpt>
      <trkpt lat="45.56858" lon="25.64321">
        <ele>973.02</ele>
      </trkpt>
      <trkpt lat="45.56852" lon="25.6432">
        <ele>974.13</ele>
      </trkpt>
      <trkpt lat="45.5685" lon="25.6432">
        <ele>974.5</ele>
      </trkpt>
      <trkpt lat="45.56848" lon="25.64318">
        <ele>974.86</ele>
      </trkpt>
      <trkpt lat="45.56842" lon="25.64317">
        <ele>975.91</ele>
      </trkpt>
      <trkpt lat="45.56836" lon="25.64313">
        <ele>976.83</ele>
      </trkpt>
      <trkpt lat="45.56832" lon="25.64311">
        <ele>978.19</ele>
      </trkpt>
      <trkpt lat="45.56827" lon="25.64307">
        <ele>981.83</ele>
      </trkpt>
      <trkpt lat="45.56822" lon="25.64306">
        <ele>985.58</ele>
      </trkpt>
      <trkpt lat="45.56819" lon="25.64304">
        <ele>988.28</ele>
      </trkpt>
      <trkpt lat="45.56818" lon="25.64294">
        <ele>991.7</ele>
      </trkpt>
      <trkpt lat="45.56773" lon="25.64331">
        <ele>1011.12</ele>
      </trkpt>
      <trkpt lat="45.56745" lon="25.64368">
        <ele>1030.92</ele>
      </trkpt>
      <trkpt lat="45.56745" lon="25.64368">
        <ele>1030.92</ele>
      </trkpt>
      <trkpt lat="45.56744" lon="25.64369">
        <ele>1031.21</ele>
      </trkpt>
      <trkpt lat="45.56745" lon="25.64369">
        <ele>1030.87</ele>
      </trkpt>
      <trkpt lat="45.56742" lon="25.64371">
        <ele>1031.87</ele>
      </trkpt>
      <trkpt lat="45.56736" lon="25.64375">
        <ele>1034.3</ele>
      </trkpt>
      <trkpt lat="45.56732" lon="25.6438">
        <ele>1036.46</ele>
      </trkpt>
      <trkpt lat="45.56727" lon="25.64386">
        <ele>1039.78</ele>
      </trkpt>
      <trkpt lat="45.56722" lon="25.64391">
        <ele>1043.34</ele>
      </trkpt>
      <trkpt lat="45.56719" lon="25.64397">
        <ele>1045.4</ele>
      </trkpt>
      <trkpt lat="45.56715" lon="25.64404">
        <ele>1047.85</ele>
      </trkpt>
      <trkpt lat="45.56713" lon="25.64407">
        <ele>1048.95</ele>
      </trkpt>
      <trkpt lat="45.56713" lon="25.64407">
        <ele>1048.95</ele>
      </trkpt>
      <trkpt lat="45.56711" lon="25.6441">
        <ele>1050.01</ele>
      </trkpt>
      <trkpt lat="45.56708" lon="25.64417">
        <ele>1051.72</ele>
      </trkpt>
      <trkpt lat="45.56705" lon="25.64424">
        <ele>1054.48</ele>
      </trkpt>
      <trkpt lat="45.567" lon="25.64429">
        <ele>1057.11</ele>
      </trkpt>
      <trkpt lat="45.56695" lon="25.64431">
        <ele>1058.91</ele>
      </trkpt>
      <trkpt lat="45.56689" lon="25.6443">
        <ele>1059.23</ele>
      </trkpt>
      <trkpt lat="45.56684" lon="25.64431">
        <ele>1059.61</ele>
      </trkpt>
      <trkpt lat="45.56678" lon="25.64429">
        <ele>1059.76</ele>
      </trkpt>
      <trkpt lat="45.56676" lon="25.6443">
        <ele>1059.96</ele>
      </trkpt>
      <trkpt lat="45.56676" lon="25.6443">
        <ele>1059.96</ele>
      </trkpt>
      <trkpt lat="45.56673" lon="25.6443">
        <ele>1060.12</ele>
      </trkpt>
      <trkpt lat="45.56667" lon="25.64428">
        <ele>1060.39</ele>
      </trkpt>
      <trkpt lat="45.56662" lon="25.64427">
        <ele>1061.27</ele>
      </trkpt>
      <trkpt lat="45.56656" lon="25.64426">
        <ele>1062.39</ele>
      </trkpt>
      <trkpt lat="45.56651" lon="25.64423">
        <ele>1063.18</ele>
      </trkpt>
      <trkpt lat="45.56645" lon="25.64425">
        <ele>1064.43</ele>
      </trkpt>
      <trkpt lat="45.56639" lon="25.64429">
        <ele>1065.87</ele>
      </trkpt>
      <trkpt lat="45.56634" lon="25.64433">
        <ele>1068.26</ele>
      </trkpt>
      <trkpt lat="45.56628" lon="25.64437">
        <ele>1070.99</ele>
      </trkpt>
      <trkpt lat="45.56622" lon="25.64442">
        <ele>1073.62</ele>
      </trkpt>
      <trkpt lat="45.56616" lon="25.64446">
        <ele>1076.37</ele>
      </trkpt>
      <trkpt lat="45.56612" lon="25.64451">
        <ele>1078.85</ele>
      </trkpt>
      <trkpt lat="45.56607" lon="25.64457">
        <ele>1081.34</ele>
      </trkpt>
      <trkpt lat="45.56603" lon="25.64463">
        <ele>1083.09</ele>
      </trkpt>
      <trkpt lat="45.56599" lon="25.64468">
        <ele>1084.38</ele>
      </trkpt>
      <trkpt lat="45.56596" lon="25.64469">
        <ele>1084.97</ele>
      </trkpt>
      <trkpt lat="45.56596" lon="25.64469">
        <ele>1084.97</ele>
      </trkpt>
      <trkpt lat="45.56593" lon="25.6447">
        <ele>1085.52</ele>
      </trkpt>
      <trkpt lat="45.56587" lon="25.64469">
        <ele>1086.5</ele>
      </trkpt>
      <trkpt lat="45.56582" lon="25.64469">
        <ele>1087.8</ele>
      </trkpt>
      <trkpt lat="45.56576" lon="25.64467">
        <ele>1090.8</ele>
      </trkpt>
      <trkpt lat="45.56573" lon="25.6446">
        <ele>1091.87</ele>
      </trkpt>
      <trkpt lat="45.5657" lon="25.64453">
        <ele>1092.57</ele>
      </trkpt>
      <trkpt lat="45.56569" lon="25.64445">
        <ele>1092.18</ele>
      </trkpt>
      <trkpt lat="45.56567" lon="25.64437">
        <ele>1091.9</ele>
      </trkpt>
      <trkpt lat="45.56565" lon="25.64429">
        <ele>1091.61</ele>
      </trkpt>
      <trkpt lat="45.56563" lon="25.64421">
        <ele>1091.32</ele>
      </trkpt>
      <trkpt lat="45.56561" lon="25.64414">
        <ele>1091.08</ele>
      </trkpt>
      <trkpt lat="45.56556" lon="25.64408">
        <ele>1091.35</ele>
      </trkpt>
      <trkpt lat="45.56552" lon="25.64402">
        <ele>1091.72</ele>
      </trkpt>
      <trkpt lat="45.56547" lon="25.64397">
        <ele>1093.01</ele>
      </trkpt>
      <trkpt lat="45.56541" lon="25.64391">
        <ele>1094.99</ele>
      </trkpt>
      <trkpt lat="45.56539" lon="25.64388">
        <ele>1095.76</ele>
      </trkpt>
      <trkpt lat="45.56539" lon="25.64388">
        <ele>1095.76</ele>
      </trkpt>
      <trkpt lat="45.56537" lon="25.64385">
        <ele>1096.68</ele>
      </trkpt>
      <trkpt lat="45.56537" lon="25.64385">
        <ele>1096.68</ele>
      </trkpt>
      <trkpt lat="45.56536" lon="25.64377">
        <ele>1097.06</ele>
      </trkpt>
      <trkpt lat="45.56537" lon="25.64367">
        <ele>1096.68</ele>
      </trkpt>
      <trkpt lat="45.56537" lon="25.64358">
        <ele>1097.42</ele>
      </trkpt>
      <trkpt lat="45.56538" lon="25.64348">
        <ele>1099.6</ele>
      </trkpt>
      <trkpt lat="45.56538" lon="25.64338">
        <ele>1102.03</ele>
      </trkpt>
      <trkpt lat="45.56539" lon="25.64329">
        <ele>1103.07</ele>
      </trkpt>
      <trkpt lat="45.56539" lon="25.64325">
        <ele>1103.15</ele>
      </trkpt>
      <trkpt lat="45.56539" lon="25.64325">
        <ele>1103.15</ele>
      </trkpt>
      <trkpt lat="45.56538" lon="25.6432">
        <ele>1103.54</ele>
      </trkpt>
      <trkpt lat="45.56534" lon="25.64314">
        <ele>1105.03</ele>
      </trkpt>
      <trkpt lat="45.5653" lon="25.64308">
        <ele>1106.9</ele>
      </trkpt>
      <trkpt lat="45.56529" lon="25.64299">
        <ele>1107.06</ele>
      </trkpt>
      <trkpt lat="45.56529" lon="25.6429">
        <ele>1106.45</ele>
      </trkpt>
      <trkpt lat="45.5653" lon="25.6428">
        <ele>1105.43</ele>
      </trkpt>
      <trkpt lat="45.5653" lon="25.64271">
        <ele>1105.09</ele>
      </trkpt>
      <trkpt lat="45.5653" lon="25.64266">
        <ele>1104.96</ele>
      </trkpt>
      <trkpt lat="45.5653" lon="25.64262">
        <ele>1104.85</ele>
      </trkpt>
      <trkpt lat="45.56529" lon="25.64253">
        <ele>1104.83</ele>
      </trkpt>
      <trkpt lat="45.56528" lon="25.64244">
        <ele>1103.87</ele>
      </trkpt>
      <trkpt lat="45.56528" lon="25.64236">
        <ele>1102.43</ele>
      </trkpt>
      <trkpt lat="45.56526" lon="25.64228">
        <ele>1101.68</ele>
      </trkpt>
      <trkpt lat="45.56526" lon="25.64219">
        <ele>1099.96</ele>
      </trkpt>
      <trkpt lat="45.56523" lon="25.64211">
        <ele>1099.43</ele>
      </trkpt>
      <trkpt lat="45.56521" lon="25.64204">
        <ele>1098.82</ele>
      </trkpt>
      <trkpt lat="45.56519" lon="25.64196">
        <ele>1098.09</ele>
      </trkpt>
      <trkpt lat="45.56519" lon="25.64187">
        <ele>1097.35</ele>
      </trkpt>
      <trkpt lat="45.56518" lon="25.64178">
        <ele>1097.22</ele>
      </trkpt>
      <trkpt lat="45.56518" lon="25.64169">
        <ele>1096.66</ele>
      </trkpt>
      <trkpt lat="45.5652" lon="25.64161">
        <ele>1095.72</ele>
      </trkpt>
      <trkpt lat="45.56525" lon="25.64157">
        <ele>1094.17</ele>
      </trkpt>
      <trkpt lat="45.5653" lon="25.64158">
        <ele>1093.12</ele>
      </trkpt>
      <trkpt lat="45.56533" lon="25.64158">
        <ele>1092.87</ele>
      </trkpt>
      <trkpt lat="45.56536" lon="25.64158">
        <ele>1092.61</ele>
      </trkpt>
      <trkpt lat="45.56541" lon="25.64163">
        <ele>1091.83</ele>
      </trkpt>
      <trkpt lat="45.56546" lon="25.64166">
        <ele>1091.09</ele>
      </trkpt>
      <trkpt lat="45.56552" lon="25.64172">
        <ele>1090.74</ele>
      </trkpt>
      <trkpt lat="45.56556" lon="25.64178">
        <ele>1090.78</ele>
      </trkpt>
      <trkpt lat="45.5656" lon="25.64184">
        <ele>1090.65</ele>
      </trkpt>
      <trkpt lat="45.56563" lon="25.64191">
        <ele>1090.34</ele>
      </trkpt>
      <trkpt lat="45.56567" lon="25.64197">
        <ele>1089.71</ele>
      </trkpt>
      <trkpt lat="45.56573" lon="25.642">
        <ele>1088.63</ele>
      </trkpt>
      <trkpt lat="45.56578" lon="25.642">
        <ele>1087.55</ele>
      </trkpt>
      <trkpt lat="45.56584" lon="25.64199">
        <ele>1086.11</ele>
      </trkpt>
      <trkpt lat="45.56589" lon="25.64199">
        <ele>1084.49</ele>
      </trkpt>
      <trkpt lat="45.56595" lon="25.64199">
        <ele>1082.55</ele>
      </trkpt>
      <trkpt lat="45.566" lon="25.64196">
        <ele>1080.71</ele>
      </trkpt>
      <trkpt lat="45.56606" lon="25.64194">
        <ele>1078.71</ele>
      </trkpt>
      <trkpt lat="45.56611" lon="25.64192">
        <ele>1077.3</ele>
      </trkpt>
      <trkpt lat="45.56611" lon="25.64192">
        <ele>1077.3</ele>
      </trkpt>
      <trkpt lat="45.56612" lon="25.64191">
        <ele>1077.08</ele>
      </trkpt>
      <trkpt lat="45.56618" lon="25.64187">
        <ele>1075.57</ele>
      </trkpt>
      <trkpt lat="45.56623" lon="25.64183">
        <ele>1074.38</ele>
      </trkpt>
      <trkpt lat="45.56629" lon="25.64179">
        <ele>1072.87</ele>
      </trkpt>
      <trkpt lat="45.56635" lon="25.64177">
        <ele>1071.14</ele>
      </trkpt>
      <trkpt lat="45.5664" lon="25.6418">
        <ele>1069.09</ele>
      </trkpt>
      <trkpt lat="45.56646" lon="25.64179">
        <ele>1066.62</ele>
      </trkpt>
      <trkpt lat="45.56651" lon="25.6418">
        <ele>1064.48</ele>
      </trkpt>
      <trkpt lat="45.56653" lon="25.6418">
        <ele>1063.65</ele>
      </trkpt>
      <trkpt lat="45.56653" lon="25.6418">
        <ele>1063.65</ele>
      </trkpt>
      <trkpt lat="45.56657" lon="25.6418">
        <ele>1061.97</ele>
      </trkpt>
      <trkpt lat="45.56662" lon="25.6418">
        <ele>1059.88</ele>
      </trkpt>
      <trkpt lat="45.56668" lon="25.64179">
        <ele>1057.74</ele>
      </trkpt>
      <trkpt lat="45.56673" lon="25.6418">
        <ele>1057.71</ele>
      </trkpt>
      <trkpt lat="45.56679" lon="25.6418">
        <ele>1057.51</ele>
      </trkpt>
      <trkpt lat="45.56684" lon="25.64181">
        <ele>1057.4</ele>
      </trkpt>
      <trkpt lat="45.5669" lon="25.64183">
        <ele>1057.22</ele>
      </trkpt>
      <trkpt lat="45.56695" lon="25.64184">
        <ele>1056.79</ele>
      </trkpt>
      <trkpt lat="45.56698" lon="25.64185">
        <ele>1055.64</ele>
      </trkpt>
      <trkpt lat="45.56698" lon="25.64185">
        <ele>1055.64</ele>
      </trkpt>
      <trkpt lat="45.56701" lon="25.64186">
        <ele>1054.45</ele>
      </trkpt>
      <trkpt lat="45.56706" lon="25.64189">
        <ele>1052.33</ele>
      </trkpt>
      <trkpt lat="45.56712" lon="25.64192">
        <ele>1049.64</ele>
      </trkpt>
      <trkpt lat="45.56717" lon="25.64196">
        <ele>1047.01</ele>
      </trkpt>
      <trkpt lat="45.56722" lon="25.64201">
        <ele>1043.92</ele>
      </trkpt>
      <trkpt lat="45.56728" lon="25.64204">
        <ele>1042.64</ele>
      </trkpt>
      <trkpt lat="45.56733" lon="25.64208">
        <ele>1041.04</ele>
      </trkpt>
      <trkpt lat="45.56739" lon="25.6421">
        <ele>1039.57</ele>
      </trkpt>
      <trkpt lat="45.56742" lon="25.64216">
        <ele>1037.09</ele>
      </trkpt>
      <trkpt lat="45.56746" lon="25.64219">
        <ele>1035.18</ele>
      </trkpt>
      <trkpt lat="45.56749" lon="25.64225">
        <ele>1032.3</ele>
      </trkpt>
      <trkpt lat="45.56754" lon="25.64227">
        <ele>1029.8</ele>
      </trkpt>
      <trkpt lat="45.5676" lon="25.6423">
        <ele>1026.64</ele>
      </trkpt>
      <trkpt lat="45.56765" lon="25.64234">
        <ele>1023.74</ele>
      </trkpt>
      <trkpt lat="45.56771" lon="25.64239">
        <ele>1020.47</ele>
      </trkpt>
      <trkpt lat="45.56775" lon="25.64243">
        <ele>1018.31</ele>
      </trkpt>
      <trkpt lat="45.56775" lon="25.64243">
        <ele>1018.31</ele>
      </trkpt>
      <trkpt lat="45.56776" lon="25.64244">
        <ele>1017.8</ele>
      </trkpt>
      <trkpt lat="45.56781" lon="25.64249">
        <ele>1015.52</ele>
      </trkpt>
      <trkpt lat="45.56781" lon="25.6425">
        <ele>1015.3</ele>
      </trkpt>
      <trkpt lat="45.56803" lon="25.64275">
        <ele>1003.03</ele>
      </trkpt>
      <trkpt lat="45.56806" lon="25.64277">
        <ele>1001.08</ele>
      </trkpt>
      <trkpt lat="45.5681" lon="25.6428">
        <ele>998.87</ele>
      </trkpt>
      <trkpt lat="45.56812" lon="25.64286">
        <ele>996.87</ele>
      </trkpt>
      <trkpt lat="45.56818" lon="25.64294">
        <ele>991.7</ele>
      </trkpt>
      <trkpt lat="45.56819" lon="25.64304">
        <ele>988.28</ele>
      </trkpt>
      <trkpt lat="45.56822" lon="25.64306">
        <ele>985.58</ele>
      </trkpt>
      <trkpt lat="45.56827" lon="25.64307">
        <ele>981.83</ele>
      </trkpt>
      <trkpt lat="45.56832" lon="25.64311">
        <ele>978.19</ele>
      </trkpt>
      <trkpt lat="45.56836" lon="25.64313">
        <ele>976.83</ele>
      </trkpt>
      <trkpt lat="45.56842" lon="25.64317">
        <ele>975.91</ele>
      </trkpt>
      <trkpt lat="45.56848" lon="25.64318">
        <ele>974.86</ele>
      </trkpt>
      <trkpt lat="45.5685" lon="25.6432">
        <ele>974.5</ele>
      </trkpt>
      <trkpt lat="45.56852" lon="25.6432">
        <ele>974.13</ele>
      </trkpt>
      <trkpt lat="45.56858" lon="25.64321">
        <ele>973.02</ele>
      </trkpt>
      <trkpt lat="45.56862" lon="25.64324">
        <ele>972.45</ele>
      </trkpt>
      <trkpt lat="45.56864" lon="25.64325">
        <ele>972.71</ele>
      </trkpt>
      <trkpt lat="45.56866" lon="25.64326">
        <ele>972.99</ele>
      </trkpt>
      <trkpt lat="45.5687" lon="25.64327">
        <ele>973.64</ele>
      </trkpt>
      <trkpt lat="45.56873" lon="25.64327">
        <ele>974.11</ele>
      </trkpt>
      <trkpt lat="45.56878" lon="25.64325">
        <ele>974.67</ele>
      </trkpt>
      <trkpt lat="45.56886" lon="25.64317">
        <ele>974.28</ele>
      </trkpt>
      <trkpt lat="45.56888" lon="25.64316">
        <ele>974.2</ele>
      </trkpt>
      <trkpt lat="45.5689" lon="25.64312">
        <ele>973.55</ele>
      </trkpt>
      <trkpt lat="45.56893" lon="25.64308">
        <ele>973.12</ele>
      </trkpt>
      <trkpt lat="45.56896" lon="25.64304">
        <ele>973.61</ele>
      </trkpt>
      <trkpt lat="45.56897" lon="25.64303">
        <ele>974.1</ele>
      </trkpt>
      <trkpt lat="45.56901" lon="25.64298">
        <ele>976.09</ele>
      </trkpt>
      <trkpt lat="45.56904" lon="25.64296">
        <ele>976.78</ele>
      </trkpt>
      <trkpt lat="45.56905" lon="25.64296">
        <ele>976.8</ele>
      </trkpt>
      <trkpt lat="45.56907" lon="25.64294">
        <ele>977.3</ele>
      </trkpt>
      <trkpt lat="45.56912" lon="25.6429">
        <ele>977.95</ele>
      </trkpt>
      <trkpt lat="45.56917" lon="25.64284">
        <ele>978.23</ele>
      </trkpt>
      <trkpt lat="45.56921" lon="25.64281">
        <ele>977.24</ele>
      </trkpt>
      <trkpt lat="45.56922" lon="25.64279">
        <ele>977.02</ele>
      </trkpt>
      <trkpt lat="45.56926" lon="25.64274">
        <ele>975.64</ele>
      </trkpt>
      <trkpt lat="45.56929" lon="25.6427">
        <ele>974.47</ele>
      </trkpt>
      <trkpt lat="45.56931" lon="25.64268">
        <ele>973.65</ele>
      </trkpt>
      <trkpt lat="45.56933" lon="25.64266">
        <ele>972.8</ele>
      </trkpt>
      <trkpt lat="45.56936" lon="25.64263">
        <ele>971.46</ele>
      </trkpt>
      <trkpt lat="45.56937" lon="25.64262">
        <ele>971.0</ele>
      </trkpt>
      <trkpt lat="45.56941" lon="25.6426">
        <ele>969.2</ele>
      </trkpt>
      <trkpt lat="45.56942" lon="25.64259">
        <ele>968.71</ele>
      </trkpt>
      <trkpt lat="45.56947" lon="25.64255">
        <ele>966.97</ele>
      </trkpt>
      <trkpt lat="45.56953" lon="25.64251">
        <ele>965.58</ele>
      </trkpt>
      <trkpt lat="45.56957" lon="25.64246">
        <ele>964.75</ele>
      </trkpt>
      <trkpt lat="45.56963" lon="25.6424">
        <ele>963.54</ele>
      </trkpt>
      <trkpt lat="45.56967" lon="25.64236">
        <ele>962.63</ele>
      </trkpt>
      <trkpt lat="45.56968" lon="25.64235">
        <ele>962.38</ele>
      </trkpt>
      <trkpt lat="45.5697" lon="25.64234">
        <ele>961.92</ele>
      </trkpt>
      <trkpt lat="45.56976" lon="25.6423">
        <ele>959.89</ele>
      </trkpt>
      <trkpt lat="45.56979" lon="25.64227">
        <ele>958.42</ele>
      </trkpt>
      <trkpt lat="45.56979" lon="25.64227">
        <ele>958.42</ele>
      </trkpt>
      <trkpt lat="45.5698" lon="25.64227">
        <ele>958.01</ele>
      </trkpt>
      <trkpt lat="45.56981" lon="25.64225">
        <ele>957.31</ele>
      </trkpt>
      <trkpt lat="45.56984" lon="25.64222">
        <ele>955.47</ele>
      </trkpt>
      <trkpt lat="45.56988" lon="25.64219">
        <ele>953.51</ele>
      </trkpt>
      <trkpt lat="45.56994" lon="25.64216">
        <ele>951.04</ele>
      </trkpt>
      <trkpt lat="45.56996" lon="25.64216">
        <ele>950.25</ele>
      </trkpt>
      <trkpt lat="45.57008" lon="25.64208">
        <ele>947.77</ele>
      </trkpt>
      <trkpt lat="45.57017" lon="25.64204">
        <ele>945.34</ele>
      </trkpt>
      <trkpt lat="45.57026" lon="25.64201">
        <ele>942.2</ele>
      </trkpt>
      <trkpt lat="45.57029" lon="25.64199">
        <ele>941.2</ele>
      </trkpt>
      <trkpt lat="45.57031" lon="25.64198">
        <ele>941.05</ele>
      </trkpt>
      <trkpt lat="45.57034" lon="25.64198">
        <ele>941.2</ele>
      </trkpt>
      <trkpt lat="45.57037" lon="25.64197">
        <ele>941.16</ele>
      </trkpt>
      <trkpt lat="45.57039" lon="25.64197">
        <ele>941.27</ele>
      </trkpt>
      <trkpt lat="45.57045" lon="25.64195">
        <ele>941.32</ele>
      </trkpt>
      <trkpt lat="45.57048" lon="25.64195">
        <ele>941.52</ele>
      </trkpt>
      <trkpt lat="45.57049" lon="25.64194">
        <ele>941.5</ele>
      </trkpt>
      <trkpt lat="45.5705" lon="25.64195">
        <ele>941.66</ele>
      </trkpt>
      <trkpt lat="45.57051" lon="25.64194">
        <ele>941.65</ele>
      </trkpt>
      <trkpt lat="45.57053" lon="25.64194">
        <ele>941.79</ele>
      </trkpt>
      <trkpt lat="45.57058" lon="25.64193">
        <ele>942.24</ele>
      </trkpt>
      <trkpt lat="45.57062" lon="25.64192">
        <ele>942.73</ele>
      </trkpt>
      <trkpt lat="45.57064" lon="25.64191">
        <ele>942.93</ele>
      </trkpt>
      <trkpt lat="45.57068" lon="25.6419">
        <ele>943.4</ele>
      </trkpt>
      <trkpt lat="45.57073" lon="25.64187">
        <ele>943.81</ele>
      </trkpt>
      <trkpt lat="45.57078" lon="25.64183">
        <ele>944.08</ele>
      </trkpt>
      <trkpt lat="45.57082" lon="25.6418">
        <ele>944.27</ele>
      </trkpt>
      <trkpt lat="45.57084" lon="25.64178">
        <ele>944.36</ele>
      </trkpt>
      <trkpt lat="45.57088" lon="25.64176">
        <ele>944.91</ele>
      </trkpt>
      <trkpt lat="45.57095" lon="25.6417">
        <ele>945.24</ele>
      </trkpt>
      <trkpt lat="45.57098" lon="25.64167">
        <ele>945.17</ele>
      </trkpt>
      <trkpt lat="45.571" lon="25.64164">
        <ele>944.9</ele>
      </trkpt>
      <trkpt lat="45.57102" lon="25.64163">
        <ele>944.94</ele>
      </trkpt>
      <trkpt lat="45.57113" lon="25.6415">
        <ele>942.72</ele>
      </trkpt>
      <trkpt lat="45.57116" lon="25.64147">
        <ele>942.6</ele>
      </trkpt>
      <trkpt lat="45.57117" lon="25.64145">
        <ele>942.22</ele>
      </trkpt>
      <trkpt lat="45.57118" lon="25.64144">
        <ele>942.14</ele>
      </trkpt>
      <trkpt lat="45.57124" lon="25.64139">
        <ele>941.82</ele>
      </trkpt>
      <trkpt lat="45.57126" lon="25.64135">
        <ele>941.01</ele>
      </trkpt>
      <trkpt lat="45.57128" lon="25.64131">
        <ele>940.14</ele>
      </trkpt>
      <trkpt lat="45.57131" lon="25.64126">
        <ele>939.05</ele>
      </trkpt>
      <trkpt lat="45.57133" lon="25.64121">
        <ele>937.7</ele>
      </trkpt>
      <trkpt lat="45.57134" lon="25.64116">
        <ele>936.14</ele>
      </trkpt>
      <trkpt lat="45.57134" lon="25.64116">
        <ele>936.14</ele>
      </trkpt>
      <trkpt lat="45.57135" lon="25.64112">
        <ele>934.89</ele>
      </trkpt>
      <trkpt lat="45.57136" lon="25.64107">
        <ele>933.85</ele>
      </trkpt>
      <trkpt lat="45.57136" lon="25.64102">
        <ele>932.82</ele>
      </trkpt>
      <trkpt lat="45.57137" lon="25.64099">
        <ele>932.27</ele>
      </trkpt>
      <trkpt lat="45.57137" lon="25.64096">
        <ele>931.64</ele>
      </trkpt>
      <trkpt lat="45.57138" lon="25.64094">
        <ele>931.27</ele>
      </trkpt>
      <trkpt lat="45.57138" lon="25.64088">
        <ele>929.99</ele>
      </trkpt>
      <trkpt lat="45.57141" lon="25.64079">
        <ele>929.02</ele>
      </trkpt>
      <trkpt lat="45.57143" lon="25.64077">
        <ele>929.22</ele>
      </trkpt>
      <trkpt lat="45.57144" lon="25.64077">
        <ele>929.44</ele>
      </trkpt>
      <trkpt lat="45.57148" lon="25.64083">
        <ele>931.24</ele>
      </trkpt>
      <trkpt lat="45.57151" lon="25.64088">
        <ele>933.28</ele>
      </trkpt>
      <trkpt lat="45.57153" lon="25.64091">
        <ele>934.63</ele>
      </trkpt>
      <trkpt lat="45.57153" lon="25.64091">
        <ele>934.63</ele>
      </trkpt>
      <trkpt lat="45.5716" lon="25.64095">
        <ele>937.8</ele>
      </trkpt>
      <trkpt lat="45.57162" lon="25.64095">
        <ele>938.39</ele>
      </trkpt>
      <trkpt lat="45.57164" lon="25.64096">
        <ele>939.3</ele>
      </trkpt>
      <trkpt lat="45.5717" lon="25.64094">
        <ele>940.1</ele>
      </trkpt>
      <trkpt lat="45.57176" lon="25.64089">
        <ele>939.58</ele>
      </trkpt>
      <trkpt lat="45.5718" lon="25.64085">
        <ele>938.97</ele>
      </trkpt>
      <trkpt lat="45.57184" lon="25.64082">
        <ele>938.75</ele>
      </trkpt>
      <trkpt lat="45.57186" lon="25.6408">
        <ele>938.56</ele>
      </trkpt>
      <trkpt lat="45.57188" lon="25.64077">
        <ele>938.07</ele>
      </trkpt>
      <trkpt lat="45.57191" lon="25.64076">
        <ele>938.3</ele>
      </trkpt>
      <trkpt lat="45.57194" lon="25.64075">
        <ele>938.52</ele>
      </trkpt>
      <trkpt lat="45.57194" lon="25.64075">
        <ele>938.52</ele>
      </trkpt>
      <trkpt lat="45.57196" lon="25.64075">
        <ele>939.05</ele>
      </trkpt>
      <trkpt lat="45.572" lon="25.64075">
        <ele>940.2</ele>
      </trkpt>
      <trkpt lat="45.57205" lon="25.64076">
        <ele>941.93</ele>
      </trkpt>
      <trkpt lat="45.57208" lon="25.64073">
        <ele>941.93</ele>
      </trkpt>
      <trkpt lat="45.57208" lon="25.64066">
        <ele>939.91</ele>
      </trkpt>
      <trkpt lat="45.5721" lon="25.64059">
        <ele>938.47</ele>
      </trkpt>
      <trkpt lat="45.5721" lon="25.64054">
        <ele>937.14</ele>
      </trkpt>
      <trkpt lat="45.57211" lon="25.64051">
        <ele>936.75</ele>
      </trkpt>
      <trkpt lat="45.57211" lon="25.64047">
        <ele>935.86</ele>
      </trkpt>
      <trkpt lat="45.57212" lon="25.64042">
        <ele>935.0</ele>
      </trkpt>
      <trkpt lat="45.57213" lon="25.64034">
        <ele>933.43</ele>
      </trkpt>
      <trkpt lat="45.57213" lon="25.64032">
        <ele>932.97</ele>
      </trkpt>
      <trkpt lat="45.57214" lon="25.64029">
        <ele>932.51</ele>
      </trkpt>
      <trkpt lat="45.57214" lon="25.64023">
        <ele>931.14</ele>
      </trkpt>
      <trkpt lat="45.57216" lon="25.64011">
        <ele>928.9</ele>
      </trkpt>
      <trkpt lat="45.57216" lon="25.64006">
        <ele>927.78</ele>
      </trkpt>
      <trkpt lat="45.57218" lon="25.63996">
        <ele>926.27</ele>
      </trkpt>
      <trkpt lat="45.5722" lon="25.63989">
        <ele>925.35</ele>
      </trkpt>
      <trkpt lat="45.57219" lon="25.63985">
        <ele>924.51</ele>
      </trkpt>
      <trkpt lat="45.57221" lon="25.63979">
        <ele>923.46</ele>
      </trkpt>
      <trkpt lat="45.57222" lon="25.63974">
        <ele>922.4</ele>
      </trkpt>
      <trkpt lat="45.57223" lon="25.63971">
        <ele>922.25</ele>
      </trkpt>
      <trkpt lat="45.57223" lon="25.63971">
        <ele>922.25</ele>
      </trkpt>
      <trkpt lat="45.57225" lon="25.63966">
        <ele>922.97</ele>
      </trkpt>
      <trkpt lat="45.57226" lon="25.6396">
        <ele>923.57</ele>
      </trkpt>
      <trkpt lat="45.57228" lon="25.63953">
        <ele>923.95</ele>
      </trkpt>
      <trkpt lat="45.5723" lon="25.63945">
        <ele>924.02</ele>
      </trkpt>
      <trkpt lat="45.57234" lon="25.63939">
        <ele>923.09</ele>
      </trkpt>
      <trkpt lat="45.5724" lon="25.63935">
        <ele>921.33</ele>
      </trkpt>
      <trkpt lat="45.57245" lon="25.6393">
        <ele>919.59</ele>
      </trkpt>
      <trkpt lat="45.5725" lon="25.63924">
        <ele>917.53</ele>
      </trkpt>
      <trkpt lat="45.57254" lon="25.63919">
        <ele>916.33</ele>
      </trkpt>
      <trkpt lat="45.57258" lon="25.63912">
        <ele>915.08</ele>
      </trkpt>
      <trkpt lat="45.57262" lon="25.63906">
        <ele>913.74</ele>
      </trkpt>
      <trkpt lat="45.57266" lon="25.63901">
        <ele>912.24</ele>
      </trkpt>
      <trkpt lat="45.57269" lon="25.63899">
        <ele>911.16</ele>
      </trkpt>
      <trkpt lat="45.57272" lon="25.63897">
        <ele>910.01</ele>
      </trkpt>
      <trkpt lat="45.57275" lon="25.63896">
        <ele>908.92</ele>
      </trkpt>
      <trkpt lat="45.57276" lon="25.63895">
        <ele>908.46</ele>
      </trkpt>
      <trkpt lat="45.57278" lon="25.63894">
        <ele>907.73</ele>
      </trkpt>
      <trkpt lat="45.5728" lon="25.63894">
        <ele>907.68</ele>
      </trkpt>
      <trkpt lat="45.57283" lon="25.63893">
        <ele>907.48</ele>
      </trkpt>
      <trkpt lat="45.57286" lon="25.63892">
        <ele>907.32</ele>
      </trkpt>
      <trkpt lat="45.57287" lon="25.63891">
        <ele>907.2</ele>
      </trkpt>
      <trkpt lat="45.57288" lon="25.6389">
        <ele>907.1</ele>
      </trkpt>
      <trkpt lat="45.5729" lon="25.6389">
        <ele>907.09</ele>
      </trkpt>
      <trkpt lat="45.57292" lon="25.63889">
        <ele>907.01</ele>
      </trkpt>
      <trkpt lat="45.57295" lon="25.63887">
        <ele>906.77</ele>
      </trkpt>
      <trkpt lat="45.57304" lon="25.63884">
        <ele>906.01</ele>
      </trkpt>
      <trkpt lat="45.57309" lon="25.63881">
        <ele>904.92</ele>
      </trkpt>
      <trkpt lat="45.57319" lon="25.63879">
        <ele>903.41</ele>
      </trkpt>
      <trkpt lat="45.57323" lon="25.63877">
        <ele>902.55</ele>
      </trkpt>
      <trkpt lat="45.57325" lon="25.63874">
        <ele>901.68</ele>
      </trkpt>
      <trkpt lat="45.57328" lon="25.63873">
        <ele>901.14</ele>
      </trkpt>
      <trkpt lat="45.5733" lon="25.63872">
        <ele>900.71</ele>
      </trkpt>
      <trkpt lat="45.57334" lon="25.63871">
        <ele>900.27</ele>
      </trkpt>
      <trkpt lat="45.57338" lon="25.63869">
        <ele>900.66</ele>
      </trkpt>
      <trkpt lat="45.57341" lon="25.63865">
        <ele>900.46</ele>
      </trkpt>
      <trkpt lat="45.57345" lon="25.63864">
        <ele>901.1</ele>
      </trkpt>
      <trkpt lat="45.57355" lon="25.63855">
        <ele>902.04</ele>
      </trkpt>
      <trkpt lat="45.57362" lon="25.63848">
        <ele>902.26</ele>
      </trkpt>
      <trkpt lat="45.57368" lon="25.63842">
        <ele>902.13</ele>
      </trkpt>
      <trkpt lat="45.57368" lon="25.63841">
        <ele>901.94</ele>
      </trkpt>
      <trkpt lat="45.57369" lon="25.63839">
        <ele>901.67</ele>
      </trkpt>
      <trkpt lat="45.57371" lon="25.63837">
        <ele>901.47</ele>
      </trkpt>
      <trkpt lat="45.57373" lon="25.63837">
        <ele>901.67</ele>
      </trkpt>
      <trkpt lat="45.57381" lon="25.6383">
        <ele>901.05</ele>
      </trkpt>
      <trkpt lat="45.57383" lon="25.63829">
        <ele>901.05</ele>
      </trkpt>
      <trkpt lat="45.57388" lon="25.63822">
        <ele>900.34</ele>
      </trkpt>
      <trkpt lat="45.57397" lon="25.63813">
        <ele>899.6</ele>
      </trkpt>
      <trkpt lat="45.57398" lon="25.63811">
        <ele>899.3</ele>
      </trkpt>
      <trkpt lat="45.57398" lon="25.63809">
        <ele>898.95</ele>
      </trkpt>
      <trkpt lat="45.57402" lon="25.63805">
        <ele>898.37</ele>
      </trkpt>
      <trkpt lat="45.57404" lon="25.63801">
        <ele>897.7</ele>
      </trkpt>
      <trkpt lat="45.57404" lon="25.63797">
        <ele>896.95</ele>
      </trkpt>
      <trkpt lat="45.57405" lon="25.63795">
        <ele>896.56</ele>
      </trkpt>
      <trkpt lat="45.57408" lon="25.63792">
        <ele>895.88</ele>
      </trkpt>
      <trkpt lat="45.5741" lon="25.63789">
        <ele>895.16</ele>
      </trkpt>
      <trkpt lat="45.57416" lon="25.63781">
        <ele>892.87</ele>
      </trkpt>
      <trkpt lat="45.57418" lon="25.63777">
        <ele>891.98</ele>
      </trkpt>
      <trkpt lat="45.5742" lon="25.63773">
        <ele>891.47</ele>
      </trkpt>
      <trkpt lat="45.57421" lon="25.63771">
        <ele>891.18</ele>
      </trkpt>
      <trkpt lat="45.57422" lon="25.63769">
        <ele>890.88</ele>
      </trkpt>
      <trkpt lat="45.57422" lon="25.63768">
        <ele>890.71</ele>
      </trkpt>
      <trkpt lat="45.57422" lon="25.63767">
        <ele>890.53</ele>
      </trkpt>
      <trkpt lat="45.57423" lon="25.63765">
        <ele>890.2</ele>
      </trkpt>
      <trkpt lat="45.57425" lon="25.63762">
        <ele>889.65</ele>
      </trkpt>
      <trkpt lat="45.57427" lon="25.63759">
        <ele>889.03</ele>
      </trkpt>
      <trkpt lat="45.57429" lon="25.63755">
        <ele>888.15</ele>
      </trkpt>
      <trkpt lat="45.57429" lon="25.63754">
        <ele>887.94</ele>
      </trkpt>
      <trkpt lat="45.57433" lon="25.63748">
        <ele>886.49</ele>
      </trkpt>
      <trkpt lat="45.57438" lon="25.63738">
        <ele>884.4</ele>
      </trkpt>
      <trkpt lat="45.57441" lon="25.63735">
        <ele>883.61</ele>
      </trkpt>
      <trkpt lat="45.57445" lon="25.63726">
        <ele>881.69</ele>
      </trkpt>
      <trkpt lat="45.57447" lon="25.63723">
        <ele>881.15</ele>
      </trkpt>
      <trkpt lat="45.57448" lon="25.63719">
        <ele>880.29</ele>
      </trkpt>
      <trkpt lat="45.57448" lon="25.63714">
        <ele>879.19</ele>
      </trkpt>
      <trkpt lat="45.5745" lon="25.63707">
        <ele>877.6</ele>
      </trkpt>
      <trkpt lat="45.57456" lon="25.63683">
        <ele>872.35</ele>
      </trkpt>
      <trkpt lat="45.57456" lon="25.63679">
        <ele>871.57</ele>
      </trkpt>
      <trkpt lat="45.57458" lon="25.63673">
        <ele>870.28</ele>
      </trkpt>
      <trkpt lat="45.57465" lon="25.63663">
        <ele>868.06</ele>
      </trkpt>
      <trkpt lat="45.57471" lon="25.63658">
        <ele>866.87</ele>
      </trkpt>
      <trkpt lat="45.57476" lon="25.63657">
        <ele>866.16</ele>
      </trkpt>
      <trkpt lat="45.57478" lon="25.63657">
        <ele>865.92</ele>
      </trkpt>
      <trkpt lat="45.57479" lon="25.63657">
        <ele>865.8</ele>
      </trkpt>
      <trkpt lat="45.5748" lon="25.63657">
        <ele>865.68</ele>
      </trkpt>
      <trkpt lat="45.57485" lon="25.63655">
        <ele>864.87</ele>
      </trkpt>
      <trkpt lat="45.57494" lon="25.63658">
        <ele>864.11</ele>
      </trkpt>
      <trkpt lat="45.57503" lon="25.63662">
        <ele>862.26</ele>
      </trkpt>
      <trkpt lat="45.5751" lon="25.63669">
        <ele>860.01</ele>
      </trkpt>
      <trkpt lat="45.57513" lon="25.63671">
        <ele>859.29</ele>
      </trkpt>
      <trkpt lat="45.57516" lon="25.6367">
        <ele>857.65</ele>
      </trkpt>
      <trkpt lat="45.57518" lon="25.63668">
        <ele>856.05</ele>
      </trkpt>
      <trkpt lat="45.5752" lon="25.63667">
        <ele>854.76</ele>
      </trkpt>
      <trkpt lat="45.57521" lon="25.63666">
        <ele>854.12</ele>
      </trkpt>
      <trkpt lat="45.57525" lon="25.63667">
        <ele>852.44</ele>
      </trkpt>
      <trkpt lat="45.5753" lon="25.63669">
        <ele>851.45</ele>
      </trkpt>
      <trkpt lat="45.57536" lon="25.63672">
        <ele>851.29</ele>
      </trkpt>
      <trkpt lat="45.57541" lon="25.63674">
        <ele>850.96</ele>
      </trkpt>
      <trkpt lat="45.57547" lon="25.63675">
        <ele>849.96</ele>
      </trkpt>
      <trkpt lat="45.57551" lon="25.63676">
        <ele>849.46</ele>
      </trkpt>
      <trkpt lat="45.57553" lon="25.63675">
        <ele>848.52</ele>
      </trkpt>
      <trkpt lat="45.57554" lon="25.63674">
        <ele>847.81</ele>
      </trkpt>
      <trkpt lat="45.57555" lon="25.63673">
        <ele>847.1</ele>
      </trkpt>
      <trkpt lat="45.57557" lon="25.63672">
        <ele>845.83</ele>
      </trkpt>
      <trkpt lat="45.5756" lon="25.63671">
        <ele>844.01</ele>
      </trkpt>
      <trkpt lat="45.57563" lon="25.63671">
        <ele>842.64</ele>
      </trkpt>
      <trkpt lat="45.57563" lon="25.63671">
        <ele>842.64</ele>
      </trkpt>
      <trkpt lat="45.57567" lon="25.63671">
        <ele>840.83</ele>
      </trkpt>
      <trkpt lat="45.57571" lon="25.63671">
        <ele>839.01</ele>
      </trkpt>
      <trkpt lat="45.57575" lon="25.6367">
        <ele>836.82</ele>
      </trkpt>
      <trkpt lat="45.5758" lon="25.63671">
        <ele>834.92</ele>
      </trkpt>
      <trkpt lat="45.57581" lon="25.63671">
        <ele>834.46</ele>
      </trkpt>
      <trkpt lat="45.57585" lon="25.63671">
        <ele>833.07</ele>
      </trkpt>
      <trkpt lat="45.57591" lon="25.63674">
        <ele>833.1</ele>
      </trkpt>
      <trkpt lat="45.57596" lon="25.63674">
        <ele>832.27</ele>
      </trkpt>
      <trkpt lat="45.57598" lon="25.63675">
        <ele>832.43</ele>
      </trkpt>
      <trkpt lat="45.57602" lon="25.63675">
        <ele>831.81</ele>
      </trkpt>
      <trkpt lat="45.57607" lon="25.63676">
        <ele>831.64</ele>
      </trkpt>
      <trkpt lat="45.57614" lon="25.63676">
        <ele>831.01</ele>
      </trkpt>
      <trkpt lat="45.5762" lon="25.63677">
        <ele>831.61</ele>
      </trkpt>
      <trkpt lat="45.5763" lon="25.63677">
        <ele>831.52</ele>
      </trkpt>
      <trkpt lat="45.57635" lon="25.63678">
        <ele>832.19</ele>
      </trkpt>
      <trkpt lat="45.57638" lon="25.63678">
        <ele>832.17</ele>
      </trkpt>
      <trkpt lat="45.57643" lon="25.63676">
        <ele>830.47</ele>
      </trkpt>
      <trkpt lat="45.57646" lon="25.63674">
        <ele>828.89</ele>
      </trkpt>
      <trkpt lat="45.57647" lon="25.63673">
        <ele>828.13</ele>
      </trkpt>
      <trkpt lat="45.57647" lon="25.63671">
        <ele>826.74</ele>
      </trkpt>
      <trkpt lat="45.57648" lon="25.63671">
        <ele>826.69</ele>
      </trkpt>
      <trkpt lat="45.5765" lon="25.63672">
        <ele>827.29</ele>
      </trkpt>
      <trkpt lat="45.57651" lon="25.63672">
        <ele>827.24</ele>
      </trkpt>
      <trkpt lat="45.57652" lon="25.63672">
        <ele>827.19</ele>
      </trkpt>
      <trkpt lat="45.57658" lon="25.63671">
        <ele>826.22</ele>
      </trkpt>
      <trkpt lat="45.57664" lon="25.63671">
        <ele>825.93</ele>
      </trkpt>
      <trkpt lat="45.57669" lon="25.6367">
        <ele>825.35</ele>
      </trkpt>
      <trkpt lat="45.57675" lon="25.6367">
        <ele>825.84</ele>
      </trkpt>
      <trkpt lat="45.5768" lon="25.63668">
        <ele>825.17</ele>
      </trkpt>
      <trkpt lat="45.57686" lon="25.63667">
        <ele>825.25</ele>
      </trkpt>
      <trkpt lat="45.57692" lon="25.63667">
        <ele>825.89</ele>
      </trkpt>
      <trkpt lat="45.57697" lon="25.63664">
        <ele>825.06</ele>
      </trkpt>
      <trkpt lat="45.57703" lon="25.63664">
        <ele>824.43</ele>
      </trkpt>
      <trkpt lat="45.57708" lon="25.63663">
        <ele>823.68</ele>
      </trkpt>
      <trkpt lat="45.57714" lon="25.63661">
        <ele>822.6</ele>
      </trkpt>
      <trkpt lat="45.5772" lon="25.6366">
        <ele>821.78</ele>
      </trkpt>
      <trkpt lat="45.57725" lon="25.63659">
        <ele>821.61</ele>
      </trkpt>
      <trkpt lat="45.57728" lon="25.63661">
        <ele>822.24</ele>
      </trkpt>
      <trkpt lat="45.5773" lon="25.63663">
        <ele>822.71</ele>
      </trkpt>
      <trkpt lat="45.57731" lon="25.63663">
        <ele>822.77</ele>
      </trkpt>
      <trkpt lat="45.57735" lon="25.63665">
        <ele>823.27</ele>
      </trkpt>
      <trkpt lat="45.57736" lon="25.63665">
        <ele>823.31</ele>
      </trkpt>
      <trkpt lat="45.57738" lon="25.63666">
        <ele>823.51</ele>
      </trkpt>
      <trkpt lat="45.57741" lon="25.63668">
        <ele>824.28</ele>
      </trkpt>
      <trkpt lat="45.57747" lon="25.63671">
        <ele>825.9</ele>
      </trkpt>
      <trkpt lat="45.57752" lon="25.63675">
        <ele>828.23</ele>
      </trkpt>
      <trkpt lat="45.57758" lon="25.63678">
        <ele>830.38</ele>
      </trkpt>
      <trkpt lat="45.57763" lon="25.63683">
        <ele>832.72</ele>
      </trkpt>
      <trkpt lat="45.57768" lon="25.63687">
        <ele>834.26</ele>
      </trkpt>
      <trkpt lat="45.5777" lon="25.63688">
        <ele>834.6</ele>
      </trkpt>
      <trkpt lat="45.57772" lon="25.6369">
        <ele>835.14</ele>
      </trkpt>
      <trkpt lat="45.57773" lon="25.63692">
        <ele>835.61</ele>
      </trkpt>
      <trkpt lat="45.57776" lon="25.63694">
        <ele>835.98</ele>
      </trkpt>
      <trkpt lat="45.57778" lon="25.63695">
        <ele>836.29</ele>
      </trkpt>
      <trkpt lat="45.5778" lon="25.63695">
        <ele>836.0</ele>
      </trkpt>
      <trkpt lat="45.57784" lon="25.63696">
        <ele>835.96</ele>
      </trkpt>
      <trkpt lat="45.57793" lon="25.63698">
        <ele>835.65</ele>
      </trkpt>
      <trkpt lat="45.57796" lon="25.63698">
        <ele>835.17</ele>
      </trkpt>
      <trkpt lat="45.57801" lon="25.63696">
        <ele>833.41</ele>
      </trkpt>
      <trkpt lat="45.57813" lon="25.63695">
        <ele>830.38</ele>
      </trkpt>
      <trkpt lat="45.57815" lon="25.63693">
        <ele>829.29</ele>
      </trkpt>
      <trkpt lat="45.57819" lon="25.63692">
        <ele>828.04</ele>
      </trkpt>
      <trkpt lat="45.57821" lon="25.63691">
        <ele>827.3</ele>
      </trkpt>
      <trkpt lat="45.57822" lon="25.63691">
        <ele>827.04</ele>
      </trkpt>
      <trkpt lat="45.57825" lon="25.63691">
        <ele>826.27</ele>
      </trkpt>
      <trkpt lat="45.57831" lon="25.63689">
        <ele>824.23</ele>
      </trkpt>
      <trkpt lat="45.57839" lon="25.63684">
        <ele>822.04</ele>
      </trkpt>
      <trkpt lat="45.57846" lon="25.6368">
        <ele>820.16</ele>
      </trkpt>
      <trkpt lat="45.57855" lon="25.63668">
        <ele>813.92</ele>
      </trkpt>
      <trkpt lat="45.57861" lon="25.6366">
        <ele>810.59</ele>
      </trkpt>
      <trkpt lat="45.57866" lon="25.63652">
        <ele>809.7</ele>
      </trkpt>
      <trkpt lat="45.57868" lon="25.6365">
        <ele>809.59</ele>
      </trkpt>
      <trkpt lat="45.57872" lon="25.63645">
        <ele>809.06</ele>
      </trkpt>
      <trkpt lat="45.57874" lon="25.63642">
        <ele>808.63</ele>
      </trkpt>
      <trkpt lat="45.5788" lon="25.63633">
        <ele>808.99</ele>
      </trkpt>
      <trkpt lat="45.57882" lon="25.63631">
        <ele>809.29</ele>
      </trkpt>
      <trkpt lat="45.57884" lon="25.63629">
        <ele>809.55</ele>
      </trkpt>
      <trkpt lat="45.57886" lon="25.63626">
        <ele>809.78</ele>
      </trkpt>
      <trkpt lat="45.57888" lon="25.63623">
        <ele>809.95</ele>
      </trkpt>
      <trkpt lat="45.5789" lon="25.63621">
        <ele>810.33</ele>
      </trkpt>
      <trkpt lat="45.5789" lon="25.6362">
        <ele>810.33</ele>
      </trkpt>
      <trkpt lat="45.57892" lon="25.63619">
        <ele>810.93</ele>
      </trkpt>
      <trkpt lat="45.57893" lon="25.63618">
        <ele>811.22</ele>
      </trkpt>
      <trkpt lat="45.57894" lon="25.63615">
        <ele>811.5</ele>
      </trkpt>
      <trkpt lat="45.57897" lon="25.63607">
        <ele>812.29</ele>
      </trkpt>
      <trkpt lat="45.57903" lon="25.63599">
        <ele>813.84</ele>
      </trkpt>
      <trkpt lat="45.57913" lon="25.63584">
        <ele>816.1</ele>
      </trkpt>
      <trkpt lat="45.57919" lon="25.63576">
        <ele>817.87</ele>
      </trkpt>
      <trkpt lat="45.57921" lon="25.63572">
        <ele>818.67</ele>
      </trkpt>
      <trkpt lat="45.57923" lon="25.63563">
        <ele>818.81</ele>
      </trkpt>
      <trkpt lat="45.57923" lon="25.63557">
        <ele>818.13</ele>
      </trkpt>
      <trkpt lat="45.57922" lon="25.63554">
        <ele>817.33</ele>
      </trkpt>
      <trkpt lat="45.57923" lon="25.63551">
        <ele>817.45</ele>
      </trkpt>
      <trkpt lat="45.57923" lon="25.63546">
        <ele>816.88</ele>
      </trkpt>
      <trkpt lat="45.57922" lon="25.63541">
        <ele>815.94</ele>
      </trkpt>
      <trkpt lat="45.57922" lon="25.63531">
        <ele>814.88</ele>
      </trkpt>
      <trkpt lat="45.57922" lon="25.63524">
        <ele>814.05</ele>
      </trkpt>
      <trkpt lat="45.57923" lon="25.63518">
        <ele>813.53</ele>
      </trkpt>
      <trkpt lat="45.57923" lon="25.63515">
        <ele>813.13</ele>
      </trkpt>
      <trkpt lat="45.57923" lon="25.63513">
        <ele>812.86</ele>
      </trkpt>
      <trkpt lat="45.57923" lon="25.63512">
        <ele>812.73</ele>
      </trkpt>
      <trkpt lat="45.57923" lon="25.6351">
        <ele>812.47</ele>
      </trkpt>
      <trkpt lat="45.57922" lon="25.63508">
        <ele>811.99</ele>
      </trkpt>
      <trkpt lat="45.57922" lon="25.63507">
        <ele>811.86</ele>
      </trkpt>
      <trkpt lat="45.57923" lon="25.63503">
        <ele>811.54</ele>
      </trkpt>
      <trkpt lat="45.57924" lon="25.63497">
        <ele>810.99</ele>
      </trkpt>
      <trkpt lat="45.57924" lon="25.63492">
        <ele>810.44</ele>
      </trkpt>
      <trkpt lat="45.57927" lon="25.63478">
        <ele>809.1</ele>
      </trkpt>
      <trkpt lat="45.57929" lon="25.63473">
        <ele>808.55</ele>
      </trkpt>
      <trkpt lat="45.57931" lon="25.63465">
        <ele>807.85</ele>
      </trkpt>
      <trkpt lat="45.57932" lon="25.63461">
        <ele>807.48</ele>
      </trkpt>
      <trkpt lat="45.57933" lon="25.63459">
        <ele>807.27</ele>
      </trkpt>
      <trkpt lat="45.57934" lon="25.63454">
        <ele>806.74</ele>
      </trkpt>
      <trkpt lat="45.57937" lon="25.63447">
        <ele>805.83</ele>
      </trkpt>
      <trkpt lat="45.57937" lon="25.63447">
        <ele>805.83</ele>
      </trkpt>
      <trkpt lat="45.5794" lon="25.63443">
        <ele>805.23</ele>
      </trkpt>
      <trkpt lat="45.5794" lon="25.63439">
        <ele>804.99</ele>
      </trkpt>
      <trkpt lat="45.57943" lon="25.63435">
        <ele>804.46</ele>
      </trkpt>
      <trkpt lat="45.57946" lon="25.63428">
        <ele>803.93</ele>
      </trkpt>
      <trkpt lat="45.57948" lon="25.63424">
        <ele>803.61</ele>
      </trkpt>
      <trkpt lat="45.57951" lon="25.63417">
        <ele>802.58</ele>
      </trkpt>
      <trkpt lat="45.57953" lon="25.63411">
        <ele>801.41</ele>
      </trkpt>
      <trkpt lat="45.57956" lon="25.63405">
        <ele>800.35</ele>
      </trkpt>
      <trkpt lat="45.57958" lon="25.634">
        <ele>799.6</ele>
      </trkpt>
      <trkpt lat="45.5796" lon="25.63396">
        <ele>799.08</ele>
      </trkpt>
      <trkpt lat="45.5796" lon="25.63394">
        <ele>798.81</ele>
      </trkpt>
      <trkpt lat="45.57961" lon="25.63391">
        <ele>798.47</ele>
      </trkpt>
      <trkpt lat="45.57964" lon="25.63383">
        <ele>799.7</ele>
      </trkpt>
      <trkpt lat="45.57967" lon="25.63375">
        <ele>801.84</ele>
      </trkpt>
      <trkpt lat="45.57968" lon="25.6337">
        <ele>803.15</ele>
      </trkpt>
      <trkpt lat="45.57972" lon="25.63358">
        <ele>806.19</ele>
      </trkpt>
      <trkpt lat="45.57973" lon="25.63353">
        <ele>806.69</ele>
      </trkpt>
      <trkpt lat="45.57975" lon="25.6335">
        <ele>807.12</ele>
      </trkpt>
      <trkpt lat="45.57977" lon="25.63342">
        <ele>807.58</ele>
      </trkpt>
      <trkpt lat="45.57982" lon="25.63333">
        <ele>807.63</ele>
      </trkpt>
      <trkpt lat="45.5799" lon="25.63325">
        <ele>807.7</ele>
      </trkpt>
      <trkpt lat="45.57992" lon="25.63324">
        <ele>807.86</ele>
      </trkpt>
      <trkpt lat="45.58001" lon="25.63318">
        <ele>809.04</ele>
      </trkpt>
      <trkpt lat="45.58007" lon="25.63316">
        <ele>808.33</ele>
      </trkpt>
      <trkpt lat="45.58011" lon="25.63313">
        <ele>808.05</ele>
      </trkpt>
      <trkpt lat="45.58015" lon="25.63311">
        <ele>807.62</ele>
      </trkpt>
      <trkpt lat="45.58018" lon="25.6331">
        <ele>807.22</ele>
      </trkpt>
      <trkpt lat="45.5802" lon="25.6331">
        <ele>806.88</ele>
      </trkpt>
      <trkpt lat="45.5802" lon="25.6331">
        <ele>806.88</ele>
      </trkpt>
      <trkpt lat="45.58024" lon="25.63307">
        <ele>806.52</ele>
      </trkpt>
      <trkpt lat="45.58031" lon="25.63303">
        <ele>805.93</ele>
      </trkpt>
      <trkpt lat="45.5804" lon="25.63299">
        <ele>804.8</ele>
      </trkpt>
      <trkpt lat="45.58044" lon="25.63298">
        <ele>804.08</ele>
      </trkpt>
      <trkpt lat="45.5805" lon="25.63295">
        <ele>803.25</ele>
      </trkpt>
      <trkpt lat="45.5805" lon="25.63295">
        <ele>803.25</ele>
      </trkpt>
      <trkpt lat="45.5805" lon="25.63295">
        <ele>803.25</ele>
      </trkpt>
      <trkpt lat="45.58054" lon="25.63295">
        <ele>802.28</ele>
      </trkpt>
      <trkpt lat="45.5806" lon="25.63297">
        <ele>801.29</ele>
      </trkpt>
      <trkpt lat="45.58063" lon="25.63298">
        <ele>801.0</ele>
      </trkpt>
      <trkpt lat="45.5807" lon="25.63302">
        <ele>800.31</ele>
      </trkpt>
      <trkpt lat="45.58076" lon="25.63309">
        <ele>799.63</ele>
      </trkpt>
      <trkpt lat="45.58085" lon="25.63322">
        <ele>798.27</ele>
      </trkpt>
      <trkpt lat="45.58088" lon="25.63329">
        <ele>797.73</ele>
      </trkpt>
      <trkpt lat="45.58091" lon="25.63335">
        <ele>797.28</ele>
      </trkpt>
      <trkpt lat="45.58094" lon="25.63342">
        <ele>796.07</ele>
      </trkpt>
      <trkpt lat="45.58094" lon="25.63342">
        <ele>796.07</ele>
      </trkpt>
      <trkpt lat="45.58098" lon="25.63351">
        <ele>793.76</ele>
      </trkpt>
      <trkpt lat="45.58105" lon="25.63367">
        <ele>789.63</ele>
      </trkpt>
      <trkpt lat="45.58107" lon="25.63373">
        <ele>789.16</ele>
      </trkpt>
      <trkpt lat="45.58111" lon="25.63384">
        <ele>788.03</ele>
      </trkpt>
      <trkpt lat="45.58113" lon="25.63388">
        <ele>787.94</ele>
      </trkpt>
      <trkpt lat="45.58115" lon="25.63391">
        <ele>788.37</ele>
      </trkpt>
      <trkpt lat="45.58116" lon="25.63393">
        <ele>788.77</ele>
      </trkpt>
      <trkpt lat="45.58118" lon="25.63396">
        <ele>789.23</ele>
      </trkpt>
      <trkpt lat="45.58119" lon="25.63398">
        <ele>789.5</ele>
      </trkpt>
      <trkpt lat="45.58123" lon="25.63406">
        <ele>790.13</ele>
      </trkpt>
      <trkpt lat="45.58127" lon="25.63412">
        <ele>789.8</ele>
      </trkpt>
      <trkpt lat="45.58132" lon="25.63417">
        <ele>788.58</ele>
      </trkpt>
      <trkpt lat="45.58139" lon="25.63421">
        <ele>787.24</ele>
      </trkpt>
      <trkpt lat="45.58145" lon="25.63426">
        <ele>787.8</ele>
      </trkpt>
      <trkpt lat="45.58151" lon="25.63429">
        <ele>787.37</ele>
      </trkpt>
      <trkpt lat="45.58153" lon="25.63429">
        <ele>787.01</ele>
      </trkpt>
      <trkpt lat="45.58154" lon="25.6343">
        <ele>786.95</ele>
      </trkpt>
      <trkpt lat="45.58155" lon="25.6343">
        <ele>786.75</ele>
      </trkpt>
      <trkpt lat="45.58159" lon="25.63431">
        <ele>786.04</ele>
      </trkpt>
      <trkpt lat="45.58161" lon="25.63433">
        <ele>785.7</ele>
      </trkpt>
      <trkpt lat="45.58187" lon="25.63449">
        <ele>787.72</ele>
      </trkpt>
      <trkpt lat="45.58195" lon="25.63451">
        <ele>789.23</ele>
      </trkpt>
      <trkpt lat="45.58201" lon="25.63455">
        <ele>791.48</ele>
      </trkpt>
      <trkpt lat="45.58204" lon="25.63456">
        <ele>792.24</ele>
      </trkpt>
      <trkpt lat="45.58206" lon="25.63458">
        <ele>793.08</ele>
      </trkpt>
      <trkpt lat="45.5822" lon="25.63464">
        <ele>796.27</ele>
      </trkpt>
      <trkpt lat="45.58231" lon="25.6347">
        <ele>796.85</ele>
      </trkpt>
      <trkpt lat="45.58235" lon="25.63472">
        <ele>796.61</ele>
      </trkpt>
      <trkpt lat="45.58236" lon="25.63473">
        <ele>796.71</ele>
      </trkpt>
      <trkpt lat="45.58238" lon="25.63473">
        <ele>796.48</ele>
      </trkpt>
      <trkpt lat="45.58238" lon="25.63473">
        <ele>796.48</ele>
      </trkpt>
      <trkpt lat="45.58241" lon="25.63475">
        <ele>796.6</ele>
      </trkpt>
      <trkpt lat="45.58247" lon="25.63478">
        <ele>796.45</ele>
      </trkpt>
      <trkpt lat="45.58254" lon="25.63481">
        <ele>795.44</ele>
      </trkpt>
      <trkpt lat="45.58256" lon="25.63481">
        <ele>794.86</ele>
      </trkpt>
      <trkpt lat="45.58271" lon="25.63488">
        <ele>791.26</ele>
      </trkpt>
      <trkpt lat="45.58274" lon="25.6349">
        <ele>790.49</ele>
      </trkpt>
      <trkpt lat="45.58279" lon="25.63492">
        <ele>789.08</ele>
      </trkpt>
      <trkpt lat="45.58288" lon="25.63496">
        <ele>786.61</ele>
      </trkpt>
      <trkpt lat="45.58293" lon="25.63497">
        <ele>785.09</ele>
      </trkpt>
      <trkpt lat="45.58304" lon="25.63503">
        <ele>781.64</ele>
      </trkpt>
      <trkpt lat="45.58312" lon="25.63507">
        <ele>781.31</ele>
      </trkpt>
      <trkpt lat="45.58318" lon="25.6351">
        <ele>781.32</ele>
      </trkpt>
      <trkpt lat="45.58322" lon="25.63513">
        <ele>781.23</ele>
      </trkpt>
      <trkpt lat="45.58323" lon="25.63514">
        <ele>781.18</ele>
      </trkpt>
      <trkpt lat="45.58326" lon="25.63515">
        <ele>781.08</ele>
      </trkpt>
      <trkpt lat="45.58331" lon="25.63518">
        <ele>780.78</ele>
      </trkpt>
      <trkpt lat="45.58334" lon="25.63521">
        <ele>780.27</ele>
      </trkpt>
      <trkpt lat="45.58337" lon="25.63526">
        <ele>778.74</ele>
      </trkpt>
      <trkpt lat="45.58338" lon="25.63528">
        <ele>778.14</ele>
      </trkpt>
      <trkpt lat="45.58342" lon="25.63533">
        <ele>776.25</ele>
      </trkpt>
      <trkpt lat="45.58343" lon="25.63535">
        <ele>775.74</ele>
      </trkpt>
      <trkpt lat="45.58349" lon="25.63543">
        <ele>773.01</ele>
      </trkpt>
      <trkpt lat="45.58354" lon="25.63549">
        <ele>770.86</ele>
      </trkpt>
      <trkpt lat="45.58358" lon="25.63553">
        <ele>769.22</ele>
      </trkpt>
      <trkpt lat="45.58358" lon="25.63553">
        <ele>769.22</ele>
      </trkpt>
      <trkpt lat="45.58363" lon="25.63558">
        <ele>768.22</ele>
      </trkpt>
      <trkpt lat="45.5837" lon="25.63563">
        <ele>767.73</ele>
      </trkpt>
      <trkpt lat="45.58377" lon="25.63567">
        <ele>766.82</ele>
      </trkpt>
      <trkpt lat="45.58384" lon="25.63569">
        <ele>765.31</ele>
      </trkpt>
      <trkpt lat="45.58389" lon="25.63569">
        <ele>763.89</ele>
      </trkpt>
      <trkpt lat="45.58393" lon="25.6357">
        <ele>763.42</ele>
      </trkpt>
      <trkpt lat="45.58399" lon="25.63571">
        <ele>762.47</ele>
      </trkpt>
      <trkpt lat="45.584" lon="25.63571">
        <ele>762.29</ele>
      </trkpt>
      <trkpt lat="45.58401" lon="25.63571">
        <ele>762.11</ele>
      </trkpt>
      <trkpt lat="45.58405" lon="25.6357">
        <ele>761.38</ele>
      </trkpt>
      <trkpt lat="45.58427" lon="25.6357">
        <ele>757.36</ele>
      </trkpt>
      <trkpt lat="45.58431" lon="25.63569">
        <ele>756.73</ele>
      </trkpt>
      <trkpt lat="45.58442" lon="25.6357">
        <ele>754.4</ele>
      </trkpt>
      <trkpt lat="45.58447" lon="25.63569">
        <ele>754.28</ele>
      </trkpt>
      <trkpt lat="45.58466" lon="25.6357">
        <ele>756.0</ele>
      </trkpt>
      <trkpt lat="45.5848" lon="25.63571">
        <ele>756.47</ele>
      </trkpt>
      <trkpt lat="45.58486" lon="25.63571">
        <ele>756.23</ele>
      </trkpt>
      <trkpt lat="45.5849" lon="25.63572">
        <ele>756.2</ele>
      </trkpt>
      <trkpt lat="45.5849" lon="25.63572">
        <ele>756.2</ele>
      </trkpt>
      <trkpt lat="45.58491" lon="25.63572">
        <ele>756.16</ele>
      </trkpt>
      <trkpt lat="45.58496" lon="25.63572">
        <ele>755.95</ele>
      </trkpt>
      <trkpt lat="45.58505" lon="25.63572">
        <ele>755.63</ele>
      </trkpt>
      <trkpt lat="45.5851" lon="25.63571">
        <ele>755.35</ele>
      </trkpt>
      <trkpt lat="45.58514" lon="25.63569">
        <ele>754.93</ele>
      </trkpt>
      <trkpt lat="45.58518" lon="25.63567">
        <ele>754.47</ele>
      </trkpt>
      <trkpt lat="45.58521" lon="25.63564">
        <ele>753.86</ele>
      </trkpt>
      <trkpt lat="45.58523" lon="25.63564">
        <ele>753.76</ele>
      </trkpt>
      <trkpt lat="45.58535" lon="25.63556">
        <ele>752.04</ele>
      </trkpt>
      <trkpt lat="45.5854" lon="25.63556">
        <ele>752.02</ele>
      </trkpt>
      <trkpt lat="45.58545" lon="25.63555">
        <ele>751.96</ele>
      </trkpt>
      <trkpt lat="45.58554" lon="25.63558">
        <ele>751.69</ele>
      </trkpt>
      <trkpt lat="45.58557" lon="25.63558">
        <ele>751.63</ele>
      </trkpt>
      <trkpt lat="45.5856" lon="25.6356">
        <ele>751.28</ele>
      </trkpt>
      <trkpt lat="45.58565" lon="25.63562">
        <ele>750.84</ele>
      </trkpt>
      <trkpt lat="45.58569" lon="25.63563">
        <ele>750.54</ele>
      </trkpt>
      <trkpt lat="45.58573" lon="25.63564">
        <ele>750.21</ele>
      </trkpt>
      <trkpt lat="45.58576" lon="25.63565">
        <ele>749.89</ele>
      </trkpt>
      <trkpt lat="45.58583" lon="25.63567">
        <ele>749.13</ele>
      </trkpt>
      <trkpt lat="45.58592" lon="25.63569">
        <ele>748.75</ele>
      </trkpt>
      <trkpt lat="45.58604" lon="25.63571">
        <ele>748.6</ele>
      </trkpt>
      <trkpt lat="45.58605" lon="25.63571">
        <ele>748.63</ele>
      </trkpt>
      <trkpt lat="45.58613" lon="25.63573">
        <ele>748.62</ele>
      </trkpt>
      <trkpt lat="45.58619" lon="25.63573">
        <ele>749.06</ele>
      </trkpt>
      <trkpt lat="45.58621" lon="25.63573">
        <ele>749.2</ele>
      </trkpt>
      <trkpt lat="45.58629" lon="25.63575">
        <ele>749.49</ele>
      </trkpt>
      <trkpt lat="45.5864" lon="25.63579">
        <ele>749.74</ele>
      </trkpt>
      <trkpt lat="45.58648" lon="25.63585">
        <ele>749.85</ele>
      </trkpt>
      <trkpt lat="45.58656" lon="25.63592">
        <ele>749.5</ele>
      </trkpt>
      <trkpt lat="45.58662" lon="25.63597">
        <ele>748.63</ele>
      </trkpt>
      <trkpt lat="45.58663" lon="25.63597">
        <ele>748.61</ele>
      </trkpt>
      <trkpt lat="45.58666" lon="25.636">
        <ele>747.83</ele>
      </trkpt>
      <trkpt lat="45.5867" lon="25.63603">
        <ele>747.23</ele>
      </trkpt>
      <trkpt lat="45.58688" lon="25.63617">
        <ele>744.64</ele>
      </trkpt>
      <trkpt lat="45.58697" lon="25.63625">
        <ele>743.28</ele>
      </trkpt>
      <trkpt lat="45.58709" lon="25.63635">
        <ele>740.9</ele>
      </trkpt>
      <trkpt lat="45.58723" lon="25.63643">
        <ele>737.71</ele>
      </trkpt>
      <trkpt lat="45.58733" lon="25.63647">
        <ele>735.34</ele>
      </trkpt>
      <trkpt lat="45.5874" lon="25.6365">
        <ele>733.75</ele>
      </trkpt>
      <trkpt lat="45.58743" lon="25.63651">
        <ele>733.17</ele>
      </trkpt>
      <trkpt lat="45.58749" lon="25.63654">
        <ele>731.84</ele>
      </trkpt>
      <trkpt lat="45.58758" lon="25.63657">
        <ele>731.0</ele>
      </trkpt>
      <trkpt lat="45.5877" lon="25.63661">
        <ele>729.8</ele>
      </trkpt>
      <trkpt lat="45.58789" lon="25.63669">
        <ele>728.51</ele>
      </trkpt>
      <trkpt lat="45.58792" lon="25.63672">
        <ele>728.35</ele>
      </trkpt>
      <trkpt lat="45.58796" lon="25.63675">
        <ele>728.31</ele>
      </trkpt>
      <trkpt lat="45.58811" lon="25.63688">
        <ele>727.7</ele>
      </trkpt>
      <trkpt lat="45.58819" lon="25.63694">
        <ele>727.05</ele>
      </trkpt>
      <trkpt lat="45.58824" lon="25.63698">
        <ele>726.83</ele>
      </trkpt>
      <trkpt lat="45.58826" lon="25.63699">
        <ele>726.76</ele>
      </trkpt>
      <trkpt lat="45.58831" lon="25.63702">
        <ele>726.5</ele>
      </trkpt>
      <trkpt lat="45.58845" lon="25.6371">
        <ele>723.96</ele>
      </trkpt>
      <trkpt lat="45.58866" lon="25.63722">
        <ele>719.67</ele>
      </trkpt>
      <trkpt lat="45.58868" lon="25.63723">
        <ele>719.45</ele>
      </trkpt>
      <trkpt lat="45.5888" lon="25.63729">
        <ele>717.73</ele>
      </trkpt>
      <trkpt lat="45.58898" lon="25.63735">
        <ele>713.53</ele>
      </trkpt>
      <trkpt lat="45.58908" lon="25.63738">
        <ele>710.83</ele>
      </trkpt>
      <trkpt lat="45.58911" lon="25.63738">
        <ele>710.15</ele>
      </trkpt>
      <trkpt lat="45.58911" lon="25.63738">
        <ele>710.15</ele>
      </trkpt>
      <trkpt lat="45.58913" lon="25.63738">
        <ele>709.7</ele>
      </trkpt>
      <trkpt lat="45.58915" lon="25.63739">
        <ele>709.16</ele>
      </trkpt>
      <trkpt lat="45.5892" lon="25.6374">
        <ele>708.6</ele>
      </trkpt>
      <trkpt lat="45.58926" lon="25.6374">
        <ele>708.38</ele>
      </trkpt>
      <trkpt lat="45.58931" lon="25.63741">
        <ele>708.13</ele>
      </trkpt>
      <trkpt lat="45.58937" lon="25.63741">
        <ele>707.92</ele>
      </trkpt>
      <trkpt lat="45.58942" lon="25.63742">
        <ele>707.66</ele>
      </trkpt>
      <trkpt lat="45.58948" lon="25.63742">
        <ele>707.03</ele>
      </trkpt>
      <trkpt lat="45.58953" lon="25.63743">
        <ele>706.19</ele>
      </trkpt>
      <trkpt lat="45.58959" lon="25.63743">
        <ele>705.28</ele>
      </trkpt>
      <trkpt lat="45.58965" lon="25.63742">
        <ele>704.4</ele>
      </trkpt>
      <trkpt lat="45.5897" lon="25.63742">
        <ele>703.63</ele>
      </trkpt>
      <trkpt lat="45.58976" lon="25.63741">
        <ele>703.41</ele>
      </trkpt>
      <trkpt lat="45.58981" lon="25.63741">
        <ele>703.53</ele>
      </trkpt>
      <trkpt lat="45.58987" lon="25.63741">
        <ele>703.67</ele>
      </trkpt>
      <trkpt lat="45.58992" lon="25.63741">
        <ele>703.79</ele>
      </trkpt>
      <trkpt lat="45.58994" lon="25.63746">
        <ele>703.37</ele>
      </trkpt>
      <trkpt lat="45.58996" lon="25.63748">
        <ele>703.2</ele>
      </trkpt>
      <trkpt lat="45.58997" lon="25.63749">
        <ele>703.1</ele>
      </trkpt>
      <trkpt lat="45.58998" lon="25.63749">
        <ele>703.1</ele>
      </trkpt>
    </trkseg>
  </trk>
</gpx>
